danceability,energy,key,loudness,mode,speechiness,acousticness,instrumentalness,liveness,valence,tempo,type,id,uri,track_href,analysis_url,duration_ms,time_signature
0.72,0.706,1,-4.719,1,0.0473,0.0684,0.0,0.166,0.62,133.002,audio_features,7DnAm9FOTWE3cUvso43HhI,spotify:track:7DnAm9FOTWE3cUvso43HhI,https://api.spotify.com/v1/tracks/7DnAm9FOTWE3cUvso43HhI,https://api.spotify.com/v1/audio-analysis/7DnAm9FOTWE3cUvso43HhI,187436,4
0.906,0.382,10,-12.89,0,0.269,0.18,0.0,0.113,0.391,104.025,audio_features,5GBuCHuPKx6UC7VsSPK0t3,spotify:track:5GBuCHuPKx6UC7VsSPK0t3,https://api.spotify.com/v1/tracks/5GBuCHuPKx6UC7VsSPK0t3,https://api.spotify.com/v1/audio-analysis/5GBuCHuPKx6UC7VsSPK0t3,129264,4
0.596,0.854,7,-5.114,0,0.463,0.0169,0.0,0.124,0.152,120.274,audio_features,2iUXsYOEPhVqEBwsqP70rE,spotify:track:2iUXsYOEPhVqEBwsqP70rE,https://api.spotify.com/v1/tracks/2iUXsYOEPhVqEBwsqP70rE,https://api.spotify.com/v1/audio-analysis/2iUXsYOEPhVqEBwsqP70rE,203418,4
0.729,0.625,4,-5.266,1,0.0315,0.194,0.00986,0.248,0.261,146.034,audio_features,1xzBco0xcoJEDXktl7Jxrr,spotify:track:1xzBco0xcoJEDXktl7Jxrr,https://api.spotify.com/v1/tracks/1xzBco0xcoJEDXktl7Jxrr,https://api.spotify.com/v1/audio-analysis/1xzBco0xcoJEDXktl7Jxrr,183907,4
0.697,0.382,7,-13.488,1,0.145,0.0768,0.0,0.119,0.469,157.963,audio_features,5qfE7gCS33CDNwdUtepNqu,spotify:track:5qfE7gCS33CDNwdUtepNqu,https://api.spotify.com/v1/tracks/5qfE7gCS33CDNwdUtepNqu,https://api.spotify.com/v1/audio-analysis/5qfE7gCS33CDNwdUtepNqu,283220,4
0.74,0.613,8,-4.88,1,0.145,0.258,0.00372,0.123,0.473,75.023,audio_features,3ee8Jmje8o58CHK66QrVC2,spotify:track:3ee8Jmje8o58CHK66QrVC2,https://api.spotify.com/v1/tracks/3ee8Jmje8o58CHK66QrVC2,https://api.spotify.com/v1/audio-analysis/3ee8Jmje8o58CHK66QrVC2,166606,4
0.637,0.713,0,-4.333,1,0.0747,0.181,0.000637,0.137,0.243,129.923,audio_features,4eWQlBRaTjPPUlzacqEeoQ,spotify:track:4eWQlBRaTjPPUlzacqEeoQ,https://api.spotify.com/v1/tracks/4eWQlBRaTjPPUlzacqEeoQ,https://api.spotify.com/v1/audio-analysis/4eWQlBRaTjPPUlzacqEeoQ,226973,4
0.854,0.463,5,-6.159,1,0.137,0.117,0.0,0.354,0.549,120.024,audio_features,0b9oOr2ZgvyQu88wzixux9,spotify:track:0b9oOr2ZgvyQu88wzixux9,https://api.spotify.com/v1/tracks/0b9oOr2ZgvyQu88wzixux9,https://api.spotify.com/v1/audio-analysis/0b9oOr2ZgvyQu88wzixux9,225773,4
0.817,0.816,2,-5.402,1,0.269,0.00263,0.0,0.159,0.508,181.982,audio_features,2UVbBKQOdFAekPTRsnkzcf,spotify:track:2UVbBKQOdFAekPTRsnkzcf,https://api.spotify.com/v1/tracks/2UVbBKQOdFAekPTRsnkzcf,https://api.spotify.com/v1/audio-analysis/2UVbBKQOdFAekPTRsnkzcf,190288,4
0.532,0.783,2,-5.697,1,0.0523,0.0038,0.0012,0.161,0.643,124.08,audio_features,0nrRP2bk19rLc0orkWPQk2,spotify:track:0nrRP2bk19rLc0orkWPQk2,https://api.spotify.com/v1/tracks/0nrRP2bk19rLc0orkWPQk2,https://api.spotify.com/v1/audio-analysis/0nrRP2bk19rLc0orkWPQk2,247427,4
0.801,0.795,1,-5.115,0,0.0504,0.0417,0.000113,0.0717,0.754,79.028,audio_features,6QgjcU0zLnzq5OrUoSZ3OK,spotify:track:6QgjcU0zLnzq5OrUoSZ3OK,https://api.spotify.com/v1/tracks/6QgjcU0zLnzq5OrUoSZ3OK,https://api.spotify.com/v1/audio-analysis/6QgjcU0zLnzq5OrUoSZ3OK,163253,4
0.936,0.523,5,-6.71,1,0.0597,0.239,0.0,0.117,0.699,119.889,audio_features,43ZyHQITOjhciSUUNPVRHc,spotify:track:43ZyHQITOjhciSUUNPVRHc,https://api.spotify.com/v1/tracks/43ZyHQITOjhciSUUNPVRHc,https://api.spotify.com/v1/audio-analysis/43ZyHQITOjhciSUUNPVRHc,124056,4
0.775,0.613,3,-4.586,0,0.0542,0.109,2.33e-05,0.134,0.797,100.066,audio_features,5cF0dROlMOK5uNZtivgu50,spotify:track:5cF0dROlMOK5uNZtivgu50,https://api.spotify.com/v1/tracks/5cF0dROlMOK5uNZtivgu50,https://api.spotify.com/v1/audio-analysis/5cF0dROlMOK5uNZtivgu50,208787,4
0.736,0.458,5,-7.437,1,0.0316,0.441,0.0,0.148,0.65,98.977,audio_features,7FpBQ067pHB67deawpbbcY,spotify:track:7FpBQ067pHB67deawpbbcY,https://api.spotify.com/v1/tracks/7FpBQ067pHB67deawpbbcY,https://api.spotify.com/v1/audio-analysis/7FpBQ067pHB67deawpbbcY,162547,4
0.833,0.434,2,-8.795,1,0.431,0.0102,0.0219,0.165,0.281,150.062,audio_features,0VgkVdmE4gld66l8iyGjgx,spotify:track:0VgkVdmE4gld66l8iyGjgx,https://api.spotify.com/v1/tracks/0VgkVdmE4gld66l8iyGjgx,https://api.spotify.com/v1/audio-analysis/0VgkVdmE4gld66l8iyGjgx,204600,4
0.64,0.533,0,-6.596,1,0.0706,0.119,0.0,0.0864,0.515,99.968,audio_features,12GEpg2XOPyqk03JZEZnJs,spotify:track:12GEpg2XOPyqk03JZEZnJs,https://api.spotify.com/v1/tracks/12GEpg2XOPyqk03JZEZnJs,https://api.spotify.com/v1/audio-analysis/12GEpg2XOPyqk03JZEZnJs,220781,4
0.497,0.489,11,-7.724,0,0.294,0.0576,9.91e-05,0.122,0.231,171.853,audio_features,4Q3N4Ct4zCuIHuZ65E3BD4,spotify:track:4Q3N4Ct4zCuIHuZ65E3BD4,https://api.spotify.com/v1/tracks/4Q3N4Ct4zCuIHuZ65E3BD4,https://api.spotify.com/v1/audio-analysis/4Q3N4Ct4zCuIHuZ65E3BD4,268187,4
0.849,0.648,7,-6.188,1,0.0835,0.0706,0.00636,0.0984,0.195,106.058,audio_features,6tO5bxNnMuh1c3cziSpecA,spotify:track:6tO5bxNnMuh1c3cziSpecA,https://api.spotify.com/v1/tracks/6tO5bxNnMuh1c3cziSpecA,https://api.spotify.com/v1/audio-analysis/6tO5bxNnMuh1c3cziSpecA,111020,4
0.78,0.575,1,-5.628,0,0.139,0.106,0.0,0.129,0.273,81.502,audio_features,0SGkqnVQo9KPytSri1H6cF,spotify:track:0SGkqnVQo9KPytSri1H6cF,https://api.spotify.com/v1/tracks/0SGkqnVQo9KPytSri1H6cF,https://api.spotify.com/v1/audio-analysis/0SGkqnVQo9KPytSri1H6cF,222360,4
0.697,0.691,2,-4.757,1,0.146,0.214,0.0,0.185,0.305,137.853,audio_features,1PSBzsahR2AKwLJgx8ehBj,spotify:track:1PSBzsahR2AKwLJgx8ehBj,https://api.spotify.com/v1/tracks/1PSBzsahR2AKwLJgx8ehBj,https://api.spotify.com/v1/audio-analysis/1PSBzsahR2AKwLJgx8ehBj,239293,4
0.576,0.766,10,-4.943,0,0.449,0.028,1.68e-06,0.366,0.236,144.833,audio_features,5YEOzOojehCqxGQCcQiyR4,spotify:track:5YEOzOojehCqxGQCcQiyR4,https://api.spotify.com/v1/tracks/5YEOzOojehCqxGQCcQiyR4,https://api.spotify.com/v1/audio-analysis/5YEOzOojehCqxGQCcQiyR4,246761,4
0.765,0.473,10,-5.829,1,0.0514,0.287,0.0,0.391,0.34,119.992,audio_features,5kqIPrATaCc2LqxVWzQGbk,spotify:track:5kqIPrATaCc2LqxVWzQGbk,https://api.spotify.com/v1/tracks/5kqIPrATaCc2LqxVWzQGbk,https://api.spotify.com/v1/audio-analysis/5kqIPrATaCc2LqxVWzQGbk,237300,4
0.889,0.498,0,-7.072,1,0.0333,0.272,0.196,0.142,0.676,99.932,audio_features,2RRRLgo66ueTHX0rn9G4Sn,spotify:track:2RRRLgo66ueTHX0rn9G4Sn,https://api.spotify.com/v1/tracks/2RRRLgo66ueTHX0rn9G4Sn,https://api.spotify.com/v1/audio-analysis/2RRRLgo66ueTHX0rn9G4Sn,164013,5
0.774,0.753,4,-5.446,0,0.0517,0.152,0.0,0.0371,0.896,119.002,audio_features,76hfruVvmfQbw0eYn1nmeC,spotify:track:76hfruVvmfQbw0eYn1nmeC,https://api.spotify.com/v1/tracks/76hfruVvmfQbw0eYn1nmeC,https://api.spotify.com/v1/audio-analysis/76hfruVvmfQbw0eYn1nmeC,219147,4
0.584,0.7,11,-4.275,1,0.0456,0.117,0.0,0.0939,0.438,124.944,audio_features,0PDUDa38GO8lMxLCRc4lL1,spotify:track:0PDUDa38GO8lMxLCRc4lL1,https://api.spotify.com/v1/tracks/0PDUDa38GO8lMxLCRc4lL1,https://api.spotify.com/v1/audio-analysis/0PDUDa38GO8lMxLCRc4lL1,202747,4
0.756,0.674,0,-6.518,0,0.0959,0.0184,0.0,0.158,0.389,111.995,audio_features,40YcuQysJ0KlGQTeGUosTC,spotify:track:40YcuQysJ0KlGQTeGUosTC,https://api.spotify.com/v1/tracks/40YcuQysJ0KlGQTeGUosTC,https://api.spotify.com/v1/audio-analysis/40YcuQysJ0KlGQTeGUosTC,251467,4
0.612,0.921,7,-2.882,1,0.085,0.0183,0.0,0.0576,0.446,139.988,audio_features,70eDxAyAraNTiD6lx2ZEnH,spotify:track:70eDxAyAraNTiD6lx2ZEnH,https://api.spotify.com/v1/tracks/70eDxAyAraNTiD6lx2ZEnH,https://api.spotify.com/v1/audio-analysis/70eDxAyAraNTiD6lx2ZEnH,202173,4
0.441,0.599,0,-8.985,1,0.225,0.333,0.00198,0.103,0.35,165.212,audio_features,7eB1V5LvAdxCc7brfGhRRo,spotify:track:7eB1V5LvAdxCc7brfGhRRo,https://api.spotify.com/v1/tracks/7eB1V5LvAdxCc7brfGhRRo,https://api.spotify.com/v1/audio-analysis/7eB1V5LvAdxCc7brfGhRRo,177523,4
0.746,0.873,7,-3.803,1,0.128,0.0244,0.0,0.354,0.817,148.075,audio_features,2d8JP84HNLKhmd6IYOoupQ,spotify:track:2d8JP84HNLKhmd6IYOoupQ,https://api.spotify.com/v1/tracks/2d8JP84HNLKhmd6IYOoupQ,https://api.spotify.com/v1/audio-analysis/2d8JP84HNLKhmd6IYOoupQ,222093,4
0.78,0.68,4,-6.081,1,0.0305,0.141,1.2e-05,0.138,0.594,118.026,audio_features,023OVLNzXhX0j7CxswUt6D,spotify:track:023OVLNzXhX0j7CxswUt6D,https://api.spotify.com/v1/tracks/023OVLNzXhX0j7CxswUt6D,https://api.spotify.com/v1/audio-analysis/023OVLNzXhX0j7CxswUt6D,180560,4
0.578,0.866,1,-3.804,1,0.0619,0.00701,0.0,0.257,0.619,128.038,audio_features,4kbj5MwxO1bq9wjT5g9HaA,spotify:track:4kbj5MwxO1bq9wjT5g9HaA,https://api.spotify.com/v1/tracks/4kbj5MwxO1bq9wjT5g9HaA,https://api.spotify.com/v1/audio-analysis/4kbj5MwxO1bq9wjT5g9HaA,199080,4
0.564,0.714,7,-4.987,1,0.129,0.0549,0.0,0.155,0.33,175.924,audio_features,37f4ITSlgPX81ad2EvmVQr,spotify:track:37f4ITSlgPX81ad2EvmVQr,https://api.spotify.com/v1/tracks/37f4ITSlgPX81ad2EvmVQr,https://api.spotify.com/v1/audio-analysis/37f4ITSlgPX81ad2EvmVQr,204013,4
0.754,0.802,9,-6.424,1,0.0551,0.0349,0.0,0.335,0.583,122.026,audio_features,4Tt6GiWS2V9sQjZjS2xjp2,spotify:track:4Tt6GiWS2V9sQjZjS2xjp2,https://api.spotify.com/v1/tracks/4Tt6GiWS2V9sQjZjS2xjp2,https://api.spotify.com/v1/audio-analysis/4Tt6GiWS2V9sQjZjS2xjp2,199263,4
0.779,0.472,11,-7.116,1,0.218,0.0577,0.0,0.114,0.412,135.051,audio_features,0PT7nlpo11hYYyfnBgtilT,spotify:track:0PT7nlpo11hYYyfnBgtilT,https://api.spotify.com/v1/tracks/0PT7nlpo11hYYyfnBgtilT,https://api.spotify.com/v1/audio-analysis/0PT7nlpo11hYYyfnBgtilT,142212,4
0.566,0.664,4,-5.303,0,0.0464,0.634,0.0,0.116,0.437,128.945,audio_features,1CS7Sd1u5tWkstBhpssyjP,spotify:track:1CS7Sd1u5tWkstBhpssyjP,https://api.spotify.com/v1/tracks/1CS7Sd1u5tWkstBhpssyjP,https://api.spotify.com/v1/audio-analysis/1CS7Sd1u5tWkstBhpssyjP,241693,4
0.474,0.921,9,-10.431,0,0.0457,0.00491,0.85,0.476,0.696,93.01,audio_features,1aXV8GrmQLvgoFtBPERP7E,spotify:track:1aXV8GrmQLvgoFtBPERP7E,https://api.spotify.com/v1/tracks/1aXV8GrmQLvgoFtBPERP7E,https://api.spotify.com/v1/audio-analysis/1aXV8GrmQLvgoFtBPERP7E,122339,4
0.399,0.787,1,-2.88,1,0.0499,0.0197,6.07e-05,0.0685,0.572,117.089,audio_features,2s1sdSqGcKxpPr5lCl7jAV,spotify:track:2s1sdSqGcKxpPr5lCl7jAV,https://api.spotify.com/v1/tracks/2s1sdSqGcKxpPr5lCl7jAV,https://api.spotify.com/v1/audio-analysis/2s1sdSqGcKxpPr5lCl7jAV,216120,5
0.729,0.65,5,-3.539,1,0.0313,0.0702,6.69e-05,0.0829,0.347,110.02,audio_features,14OxJlLdcHNpgsm4DRwDOB,spotify:track:14OxJlLdcHNpgsm4DRwDOB,https://api.spotify.com/v1/tracks/14OxJlLdcHNpgsm4DRwDOB,https://api.spotify.com/v1/audio-analysis/14OxJlLdcHNpgsm4DRwDOB,209160,4
0.773,0.758,1,-4.993,1,0.0381,0.0422,0.0,0.305,0.925,144.033,audio_features,6RtPijgfPKROxEzTHNRiDp,spotify:track:6RtPijgfPKROxEzTHNRiDp,https://api.spotify.com/v1/tracks/6RtPijgfPKROxEzTHNRiDp,https://api.spotify.com/v1/audio-analysis/6RtPijgfPKROxEzTHNRiDp,224840,4
0.706,0.841,7,-3.956,1,0.0418,7.95e-05,0.0,0.0688,0.861,132.032,audio_features,1y4eb6hmAvsqlDOl3fx9kk,spotify:track:1y4eb6hmAvsqlDOl3fx9kk,https://api.spotify.com/v1/tracks/1y4eb6hmAvsqlDOl3fx9kk,https://api.spotify.com/v1/audio-analysis/1y4eb6hmAvsqlDOl3fx9kk,220227,4
0.422,0.264,8,-7.064,1,0.0322,0.922,0.0,0.132,0.331,119.93,audio_features,3U4isOIWM3VvDubwSI3y7a,spotify:track:3U4isOIWM3VvDubwSI3y7a,https://api.spotify.com/v1/tracks/3U4isOIWM3VvDubwSI3y7a,https://api.spotify.com/v1/audio-analysis/3U4isOIWM3VvDubwSI3y7a,269560,4
0.659,0.911,4,-2.28,1,0.0786,0.154,0.000304,0.191,0.576,91.999,audio_features,0Y1MWB026LYxGvhq4EcMiC,spotify:track:0Y1MWB026LYxGvhq4EcMiC,https://api.spotify.com/v1/tracks/0Y1MWB026LYxGvhq4EcMiC,https://api.spotify.com/v1/audio-analysis/0Y1MWB026LYxGvhq4EcMiC,169866,4
0.321,0.64,2,-10.023,1,0.0324,0.28,0.0,0.718,0.414,146.172,audio_features,27RYrbL6S02LNVhDWVl38b,spotify:track:27RYrbL6S02LNVhDWVl38b,https://api.spotify.com/v1/tracks/27RYrbL6S02LNVhDWVl38b,https://api.spotify.com/v1/audio-analysis/27RYrbL6S02LNVhDWVl38b,214333,3
0.552,0.702,9,-5.707,1,0.157,0.117,2.06e-05,0.105,0.564,169.994,audio_features,1BxfuPKGuaTgP7aM0Bbdwr,spotify:track:1BxfuPKGuaTgP7aM0Bbdwr,https://api.spotify.com/v1/tracks/1BxfuPKGuaTgP7aM0Bbdwr,https://api.spotify.com/v1/audio-analysis/1BxfuPKGuaTgP7aM0Bbdwr,178427,4
0.679,0.715,9,-6.383,1,0.0407,0.0755,0.0,0.271,0.571,127.435,audio_features,3gbBpTdY8lnQwqxNCcf795,spotify:track:3gbBpTdY8lnQwqxNCcf795,https://api.spotify.com/v1/tracks/3gbBpTdY8lnQwqxNCcf795,https://api.spotify.com/v1/audio-analysis/3gbBpTdY8lnQwqxNCcf795,214148,4
0.508,0.497,5,-7.594,0,0.262,0.0142,2.93e-05,0.134,0.142,98.186,audio_features,6LUr2QQla9sLekmdfJvDOS,spotify:track:6LUr2QQla9sLekmdfJvDOS,https://api.spotify.com/v1/tracks/6LUr2QQla9sLekmdfJvDOS,https://api.spotify.com/v1/audio-analysis/6LUr2QQla9sLekmdfJvDOS,160566,5
0.543,0.485,8,-6.85,1,0.0305,0.558,0.0,0.12,0.371,136.961,audio_features,0qcr5FMsEO85NAQjrlDRKo,spotify:track:0qcr5FMsEO85NAQjrlDRKo,https://api.spotify.com/v1/tracks/0qcr5FMsEO85NAQjrlDRKo,https://api.spotify.com/v1/audio-analysis/0qcr5FMsEO85NAQjrlDRKo,223840,4
0.479,0.545,7,-7.346,1,0.0688,0.365,0.0,0.0963,0.243,74.897,audio_features,1KxwZYyzWNyZSRyErj2ojT,spotify:track:1KxwZYyzWNyZSRyErj2ojT,https://api.spotify.com/v1/tracks/1KxwZYyzWNyZSRyErj2ojT,https://api.spotify.com/v1/audio-analysis/1KxwZYyzWNyZSRyErj2ojT,252733,4
0.777,0.658,0,-5.191,1,0.054,0.0767,0.0,0.0901,0.633,110.048,audio_features,3RauEVgRgj1IuWdJ9fDs70,spotify:track:3RauEVgRgj1IuWdJ9fDs70,https://api.spotify.com/v1/tracks/3RauEVgRgj1IuWdJ9fDs70,https://api.spotify.com/v1/audio-analysis/3RauEVgRgj1IuWdJ9fDs70,190360,4
0.39,0.151,7,-16.492,1,0.0389,0.966,0.000897,0.119,0.0827,143.421,audio_features,4miKDdaWW78mKwx6TIvOa0,spotify:track:4miKDdaWW78mKwx6TIvOa0,https://api.spotify.com/v1/tracks/4miKDdaWW78mKwx6TIvOa0,https://api.spotify.com/v1/audio-analysis/4miKDdaWW78mKwx6TIvOa0,161413,4
0.655,0.819,0,-4.852,1,0.0316,0.000176,0.00374,0.104,0.766,117.956,audio_features,6Z8R6UsFuGXGtiIxiD8ISb,spotify:track:6Z8R6UsFuGXGtiIxiD8ISb,https://api.spotify.com/v1/tracks/6Z8R6UsFuGXGtiIxiD8ISb,https://api.spotify.com/v1/audio-analysis/6Z8R6UsFuGXGtiIxiD8ISb,192790,5
0.703,0.867,6,-4.292,1,0.0453,0.107,0.0,0.119,0.546,128.008,audio_features,5HOpkTTVcmZHnthgyxrIL8,spotify:track:5HOpkTTVcmZHnthgyxrIL8,https://api.spotify.com/v1/tracks/5HOpkTTVcmZHnthgyxrIL8,https://api.spotify.com/v1/audio-analysis/5HOpkTTVcmZHnthgyxrIL8,213708,4
0.418,0.249,3,-13.744,1,0.0301,0.841,0.661,0.112,0.213,82.803,audio_features,6FLwmdmW77N1Pxb1aWsZmO,spotify:track:6FLwmdmW77N1Pxb1aWsZmO,https://api.spotify.com/v1/tracks/6FLwmdmW77N1Pxb1aWsZmO,https://api.spotify.com/v1/audio-analysis/6FLwmdmW77N1Pxb1aWsZmO,218547,4
0.878,0.455,0,-8.845,1,0.077,0.0462,0.00484,0.0353,0.79,129.953,audio_features,6mH3qVIeOsnQIAho5eWwhH,spotify:track:6mH3qVIeOsnQIAho5eWwhH,https://api.spotify.com/v1/tracks/6mH3qVIeOsnQIAho5eWwhH,https://api.spotify.com/v1/audio-analysis/6mH3qVIeOsnQIAho5eWwhH,128013,4
0.685,0.466,0,-9.074,1,0.0304,0.794,2.06e-06,0.0915,0.353,79.936,audio_features,0W4Kpfp1w2xkY3PrV714B7,spotify:track:0W4Kpfp1w2xkY3PrV714B7,https://api.spotify.com/v1/tracks/0W4Kpfp1w2xkY3PrV714B7,https://api.spotify.com/v1/audio-analysis/0W4Kpfp1w2xkY3PrV714B7,163133,4
0.452,0.794,0,-5.151,1,0.0483,0.0111,0.00182,0.416,0.282,137.825,audio_features,01XFgRZfZI7oBagNf1Loml,spotify:track:01XFgRZfZI7oBagNf1Loml,https://api.spotify.com/v1/tracks/01XFgRZfZI7oBagNf1Loml,https://api.spotify.com/v1/audio-analysis/01XFgRZfZI7oBagNf1Loml,196664,4
0.612,0.289,9,-11.568,1,0.0421,0.599,0.00266,0.0561,0.466,183.18,audio_features,3QIoEi8Enr9uHffwInGIsC,spotify:track:3QIoEi8Enr9uHffwInGIsC,https://api.spotify.com/v1/tracks/3QIoEi8Enr9uHffwInGIsC,https://api.spotify.com/v1/audio-analysis/3QIoEi8Enr9uHffwInGIsC,177440,3
0.672,0.738,0,-7.045,1,0.0506,0.0178,6.75e-05,0.0927,0.392,107.938,audio_features,6t6oULCRS6hnI7rm0h5gwl,spotify:track:6t6oULCRS6hnI7rm0h5gwl,https://api.spotify.com/v1/tracks/6t6oULCRS6hnI7rm0h5gwl,https://api.spotify.com/v1/audio-analysis/6t6oULCRS6hnI7rm0h5gwl,277040,4
0.783,0.58,7,-6.548,1,0.0408,0.0114,2.28e-06,0.108,0.66,120.021,audio_features,3TGRqZ0a2l1LRblBkJoaDx,spotify:track:3TGRqZ0a2l1LRblBkJoaDx,https://api.spotify.com/v1/tracks/3TGRqZ0a2l1LRblBkJoaDx,https://api.spotify.com/v1/audio-analysis/3TGRqZ0a2l1LRblBkJoaDx,193400,4
0.42,0.558,9,-5.728,1,0.0509,0.167,0.0,0.19,0.538,165.987,audio_features,7M6KOBCfPzWqbkiaXnm7bd,spotify:track:7M6KOBCfPzWqbkiaXnm7bd,https://api.spotify.com/v1/tracks/7M6KOBCfPzWqbkiaXnm7bd,https://api.spotify.com/v1/audio-analysis/7M6KOBCfPzWqbkiaXnm7bd,170576,4
0.471,0.924,8,-3.906,1,0.0586,0.00301,0.0,0.313,0.725,154.961,audio_features,2iUmqdfGZcHIhS3b9E9EWq,spotify:track:2iUmqdfGZcHIhS3b9E9EWq,https://api.spotify.com/v1/tracks/2iUmqdfGZcHIhS3b9E9EWq,https://api.spotify.com/v1/audio-analysis/2iUmqdfGZcHIhS3b9E9EWq,177280,4
0.722,0.851,7,-3.873,0,0.0639,0.0319,0.0,0.108,0.452,126.885,audio_features,5yDL13y5giogKs2fSNf7sj,spotify:track:5yDL13y5giogKs2fSNf7sj,https://api.spotify.com/v1/tracks/5yDL13y5giogKs2fSNf7sj,https://api.spotify.com/v1/audio-analysis/5yDL13y5giogKs2fSNf7sj,197936,4
0.707,0.861,7,-4.225,1,0.316,0.1,0.0,0.191,0.795,130.021,audio_features,0obBFrPYkSoBJbvHfUIhkv,spotify:track:0obBFrPYkSoBJbvHfUIhkv,https://api.spotify.com/v1/tracks/0obBFrPYkSoBJbvHfUIhkv,https://api.spotify.com/v1/audio-analysis/0obBFrPYkSoBJbvHfUIhkv,199480,4
0.929,0.339,1,-10.881,1,0.371,0.0373,1.96e-05,0.187,0.273,98.986,audio_features,0srwKuJPH8yBzzFUJMBQM2,spotify:track:0srwKuJPH8yBzzFUJMBQM2,https://api.spotify.com/v1/tracks/0srwKuJPH8yBzzFUJMBQM2,https://api.spotify.com/v1/audio-analysis/0srwKuJPH8yBzzFUJMBQM2,203200,4
0.757,0.547,7,-4.573,1,0.0355,0.0115,0.0,0.0445,0.793,126.977,audio_features,6MAdEUilV2p9RQUqE5bMAK,spotify:track:6MAdEUilV2p9RQUqE5bMAK,https://api.spotify.com/v1/tracks/6MAdEUilV2p9RQUqE5bMAK,https://api.spotify.com/v1/audio-analysis/6MAdEUilV2p9RQUqE5bMAK,231693,4
0.789,0.858,1,-5.542,1,0.311,0.127,0.0,0.349,0.775,140.022,audio_features,1auxYwYrFRqZP7t3s7w4um,spotify:track:1auxYwYrFRqZP7t3s7w4um,https://api.spotify.com/v1/tracks/1auxYwYrFRqZP7t3s7w4um,https://api.spotify.com/v1/audio-analysis/1auxYwYrFRqZP7t3s7w4um,219333,4
0.733,0.71,5,-5.849,0,0.0292,0.145,0.115,0.0956,0.965,127.975,audio_features,7w87IxuO7BDcJ3YUqCyMTT,spotify:track:7w87IxuO7BDcJ3YUqCyMTT,https://api.spotify.com/v1/tracks/7w87IxuO7BDcJ3YUqCyMTT,https://api.spotify.com/v1/audio-analysis/7w87IxuO7BDcJ3YUqCyMTT,239600,4
0.641,0.842,9,-7.27,1,0.0292,0.134,0.911,0.419,0.499,129.978,audio_features,61OJxhoY3Ix50rYVKo8zRK,spotify:track:61OJxhoY3Ix50rYVKo8zRK,https://api.spotify.com/v1/tracks/61OJxhoY3Ix50rYVKo8zRK,https://api.spotify.com/v1/audio-analysis/61OJxhoY3Ix50rYVKo8zRK,278769,4
0.68,0.74,2,-5.064,1,0.0355,0.342,1.81e-06,0.117,0.644,127.024,audio_features,5ZVGvay4xwgXMnQWffNYeU,spotify:track:5ZVGvay4xwgXMnQWffNYeU,https://api.spotify.com/v1/tracks/5ZVGvay4xwgXMnQWffNYeU,https://api.spotify.com/v1/audio-analysis/5ZVGvay4xwgXMnQWffNYeU,229400,4
0.591,0.889,7,-3.839,1,0.115,0.0189,0.0,0.155,0.65,143.067,audio_features,4NTWZqvfQTlOMitlVn6tew,spotify:track:4NTWZqvfQTlOMitlVn6tew,https://api.spotify.com/v1/tracks/4NTWZqvfQTlOMitlVn6tew,https://api.spotify.com/v1/audio-analysis/4NTWZqvfQTlOMitlVn6tew,239613,4
0.734,0.485,4,-13.865,0,0.0465,0.357,0.00019,0.0401,0.933,95.321,audio_features,5GvWrvLIqoHroq7YvO260M,spotify:track:5GvWrvLIqoHroq7YvO260M,https://api.spotify.com/v1/tracks/5GvWrvLIqoHroq7YvO260M,https://api.spotify.com/v1/audio-analysis/5GvWrvLIqoHroq7YvO260M,222280,4
0.754,0.804,4,-3.177,1,0.0853,0.00332,0.0,0.0329,0.818,119.968,audio_features,1DqdF42leyFIzqNDv9CjId,spotify:track:1DqdF42leyFIzqNDv9CjId,https://api.spotify.com/v1/tracks/1DqdF42leyFIzqNDv9CjId,https://api.spotify.com/v1/audio-analysis/1DqdF42leyFIzqNDv9CjId,203867,4
0.674,0.882,3,-2.771,0,0.0477,0.000441,6.47e-05,0.068,0.682,123.016,audio_features,3kMrazSvILsgcwtidZd1Qd,spotify:track:3kMrazSvILsgcwtidZd1Qd,https://api.spotify.com/v1/tracks/3kMrazSvILsgcwtidZd1Qd,https://api.spotify.com/v1/audio-analysis/3kMrazSvILsgcwtidZd1Qd,205733,4
0.44,0.683,11,-4.732,0,0.0489,0.00706,0.0,0.0593,0.445,185.948,audio_features,2rDwdvBma1O1eLzo29p2cr,spotify:track:2rDwdvBma1O1eLzo29p2cr,https://api.spotify.com/v1/tracks/2rDwdvBma1O1eLzo29p2cr,https://api.spotify.com/v1/audio-analysis/2rDwdvBma1O1eLzo29p2cr,227320,4
0.637,0.69,9,-3.214,0,0.0693,0.417,0.0,0.211,0.103,140.329,audio_features,35srNkJVToAzYiZzron1FY,spotify:track:35srNkJVToAzYiZzron1FY,https://api.spotify.com/v1/tracks/35srNkJVToAzYiZzron1FY,https://api.spotify.com/v1/audio-analysis/35srNkJVToAzYiZzron1FY,253907,4
0.706,0.751,9,-6.323,1,0.0708,0.173,0.0,0.168,0.195,91.031,audio_features,5vlEg2fT4cFWAqU5QptIpQ,spotify:track:5vlEg2fT4cFWAqU5QptIpQ,https://api.spotify.com/v1/tracks/5vlEg2fT4cFWAqU5QptIpQ,https://api.spotify.com/v1/audio-analysis/5vlEg2fT4cFWAqU5QptIpQ,182307,4
0.491,0.956,11,-1.538,1,0.392,0.0295,0.0,0.46,0.811,173.585,audio_features,2igwFfvr1OAGX9SKDCPBwO,spotify:track:2igwFfvr1OAGX9SKDCPBwO,https://api.spotify.com/v1/tracks/2igwFfvr1OAGX9SKDCPBwO,https://api.spotify.com/v1/audio-analysis/2igwFfvr1OAGX9SKDCPBwO,276920,4
0.512,0.662,3,-6.797,1,0.0439,0.0275,0.0,0.118,0.472,180.114,audio_features,3DamFFqW32WihKkTVlwTYQ,spotify:track:3DamFFqW32WihKkTVlwTYQ,https://api.spotify.com/v1/tracks/3DamFFqW32WihKkTVlwTYQ,https://api.spotify.com/v1/audio-analysis/3DamFFqW32WihKkTVlwTYQ,228347,4
0.348,0.717,4,-5.634,1,0.0882,0.311,0.0,0.0786,0.28,66.21,audio_features,07rhyW77lp2bGv8EQoZy6k,spotify:track:07rhyW77lp2bGv8EQoZy6k,https://api.spotify.com/v1/tracks/07rhyW77lp2bGv8EQoZy6k,https://api.spotify.com/v1/audio-analysis/07rhyW77lp2bGv8EQoZy6k,416778,4
0.864,0.495,0,-7.036,1,0.037,0.591,0.000133,0.0992,0.72,129.062,audio_features,4wCmqSrbyCgxEXROQE6vtV,spotify:track:4wCmqSrbyCgxEXROQE6vtV,https://api.spotify.com/v1/tracks/4wCmqSrbyCgxEXROQE6vtV,https://api.spotify.com/v1/audio-analysis/4wCmqSrbyCgxEXROQE6vtV,244973,4
0.482,0.844,7,-4.488,1,0.0336,0.00631,0.0,0.189,0.81,174.963,audio_features,3l4cnZdtNbVZgV3ICYh1Ni,spotify:track:3l4cnZdtNbVZgV3ICYh1Ni,https://api.spotify.com/v1/tracks/3l4cnZdtNbVZgV3ICYh1Ni,https://api.spotify.com/v1/audio-analysis/3l4cnZdtNbVZgV3ICYh1Ni,225920,4
0.46,0.796,0,-4.501,0,0.0333,0.00107,0.0,0.106,0.182,100.011,audio_features,0CwYG1UnRmOx8Q1EzElCIL,spotify:track:0CwYG1UnRmOx8Q1EzElCIL,https://api.spotify.com/v1/tracks/0CwYG1UnRmOx8Q1EzElCIL,https://api.spotify.com/v1/audio-analysis/0CwYG1UnRmOx8Q1EzElCIL,222067,4
0.679,0.522,7,-5.603,0,0.0427,0.297,0.0,0.151,0.445,60.014,audio_features,4NpDZPwSXmL0cCTaJuVrCw,spotify:track:4NpDZPwSXmL0cCTaJuVrCw,https://api.spotify.com/v1/tracks/4NpDZPwSXmL0cCTaJuVrCw,https://api.spotify.com/v1/audio-analysis/4NpDZPwSXmL0cCTaJuVrCw,226507,4
0.516,0.448,10,-11.403,0,0.313,0.721,0.0,0.122,0.494,89.682,audio_features,7n6Zwr9JmTKQ6XjjYOjdLF,spotify:track:7n6Zwr9JmTKQ6XjjYOjdLF,https://api.spotify.com/v1/tracks/7n6Zwr9JmTKQ6XjjYOjdLF,https://api.spotify.com/v1/audio-analysis/7n6Zwr9JmTKQ6XjjYOjdLF,384773,4
0.602,0.894,4,-3.975,1,0.032,0.00154,0.0,0.433,0.643,125.988,audio_features,07HPV6hzecJmMJwsIX8YVU,spotify:track:07HPV6hzecJmMJwsIX8YVU,https://api.spotify.com/v1/tracks/07HPV6hzecJmMJwsIX8YVU,https://api.spotify.com/v1/audio-analysis/07HPV6hzecJmMJwsIX8YVU,180800,4
0.881,0.441,11,-6.278,0,0.0646,0.48,9.08e-06,0.119,0.804,138.014,audio_features,5wfllwdjglyQislkskYLBv,spotify:track:5wfllwdjglyQislkskYLBv,https://api.spotify.com/v1/tracks/5wfllwdjglyQislkskYLBv,https://api.spotify.com/v1/audio-analysis/5wfllwdjglyQislkskYLBv,221240,4
0.5,0.225,0,-10.22,1,0.0302,0.842,0.0,0.112,0.355,173.788,audio_features,11qh54D0PKkBwelpDxxiEU,spotify:track:11qh54D0PKkBwelpDxxiEU,https://api.spotify.com/v1/tracks/11qh54D0PKkBwelpDxxiEU,https://api.spotify.com/v1/audio-analysis/11qh54D0PKkBwelpDxxiEU,193320,3
0.447,0.848,2,-6.175,1,0.222,0.033,7.46e-05,0.65,0.485,172.253,audio_features,1ixbwbeBi5ufN4noUKmW5a,spotify:track:1ixbwbeBi5ufN4noUKmW5a,https://api.spotify.com/v1/tracks/1ixbwbeBi5ufN4noUKmW5a,https://api.spotify.com/v1/audio-analysis/1ixbwbeBi5ufN4noUKmW5a,205200,4
0.638,0.656,5,-5.886,1,0.0357,0.188,0.0,0.146,0.225,104.036,audio_features,7wZUrN8oemZfsEd1CGkbXE,spotify:track:7wZUrN8oemZfsEd1CGkbXE,https://api.spotify.com/v1/tracks/7wZUrN8oemZfsEd1CGkbXE,https://api.spotify.com/v1/audio-analysis/7wZUrN8oemZfsEd1CGkbXE,262467,4
0.645,0.904,2,-4.532,1,0.0462,0.0293,0.0,0.0834,0.671,105.97,audio_features,0JbSghVDghtFEurrSO8JrC,spotify:track:0JbSghVDghtFEurrSO8JrC,https://api.spotify.com/v1/tracks/0JbSghVDghtFEurrSO8JrC,https://api.spotify.com/v1/audio-analysis/0JbSghVDghtFEurrSO8JrC,225560,4
0.561,0.179,10,-11.776,1,0.0373,0.864,1.61e-05,0.11,0.436,67.713,audio_features,4cA2NmoE75r4yU7oeq4QGG,spotify:track:4cA2NmoE75r4yU7oeq4QGG,https://api.spotify.com/v1/tracks/4cA2NmoE75r4yU7oeq4QGG,https://api.spotify.com/v1/audio-analysis/4cA2NmoE75r4yU7oeq4QGG,207103,3
0.663,0.784,6,-11.245,0,0.0438,0.125,0.00348,0.214,0.505,108.492,audio_features,2JCTiiJQFWQNC0Zp8rsJRB,spotify:track:2JCTiiJQFWQNC0Zp8rsJRB,https://api.spotify.com/v1/tracks/2JCTiiJQFWQNC0Zp8rsJRB,https://api.spotify.com/v1/audio-analysis/2JCTiiJQFWQNC0Zp8rsJRB,289067,4
0.429,0.197,3,-9.798,1,0.032,0.774,3.02e-06,0.146,0.197,128.49,audio_features,0u9NVrPqUINrHIFCuPOnYm,spotify:track:0u9NVrPqUINrHIFCuPOnYm,https://api.spotify.com/v1/tracks/0u9NVrPqUINrHIFCuPOnYm,https://api.spotify.com/v1/audio-analysis/0u9NVrPqUINrHIFCuPOnYm,243709,4
0.71,0.598,5,-7.598,0,0.0319,0.508,0.0,0.0971,0.501,119.981,audio_features,3DZQ6mzUkAdHqZWzqxBKIK,spotify:track:3DZQ6mzUkAdHqZWzqxBKIK,https://api.spotify.com/v1/tracks/3DZQ6mzUkAdHqZWzqxBKIK,https://api.spotify.com/v1/audio-analysis/3DZQ6mzUkAdHqZWzqxBKIK,256320,4
0.769,0.371,0,-8.522,1,0.0326,0.733,3.73e-05,0.106,0.653,100.001,audio_features,476JcJ3TpAuCOlGdCmomGm,spotify:track:476JcJ3TpAuCOlGdCmomGm,https://api.spotify.com/v1/tracks/476JcJ3TpAuCOlGdCmomGm,https://api.spotify.com/v1/audio-analysis/476JcJ3TpAuCOlGdCmomGm,225107,4
0.654,0.76,0,-3.669,0,0.045,0.0797,0.0,0.299,0.41,99.945,audio_features,09CtPGIpYB4BrO8qb1RGsF,spotify:track:09CtPGIpYB4BrO8qb1RGsF,https://api.spotify.com/v1/tracks/09CtPGIpYB4BrO8qb1RGsF,https://api.spotify.com/v1/audio-analysis/09CtPGIpYB4BrO8qb1RGsF,200787,4
0.697,0.474,9,-6.663,1,0.0351,0.603,0.0,0.11,0.249,127.904,audio_features,0rFOs9paloAvEtzwDX1Kmc,spotify:track:0rFOs9paloAvEtzwDX1Kmc,https://api.spotify.com/v1/tracks/0rFOs9paloAvEtzwDX1Kmc,https://api.spotify.com/v1/audio-analysis/0rFOs9paloAvEtzwDX1Kmc,196280,4
0.644,0.939,11,-3.486,0,0.0456,0.157,0.0,0.233,0.861,106.031,audio_features,28IEbk5a7twNTbUEvWslUb,spotify:track:28IEbk5a7twNTbUEvWslUb,https://api.spotify.com/v1/tracks/28IEbk5a7twNTbUEvWslUb,https://api.spotify.com/v1/audio-analysis/28IEbk5a7twNTbUEvWslUb,208107,4
0.736,0.74,0,-2.18,1,0.0786,0.515,0.0,0.0468,0.803,140.141,audio_features,66TRwr5uJwPt15mfFkzhbi,spotify:track:66TRwr5uJwPt15mfFkzhbi,https://api.spotify.com/v1/tracks/66TRwr5uJwPt15mfFkzhbi,https://api.spotify.com/v1/audio-analysis/66TRwr5uJwPt15mfFkzhbi,221933,4
0.71,0.484,2,-7.415,1,0.049,0.217,3.93e-06,0.0879,0.576,109.951,audio_features,2CzWeyC9zlDpIOZPUUKrBW,spotify:track:2CzWeyC9zlDpIOZPUUKrBW,https://api.spotify.com/v1/tracks/2CzWeyC9zlDpIOZPUUKrBW,https://api.spotify.com/v1/audio-analysis/2CzWeyC9zlDpIOZPUUKrBW,183667,4
0.662,0.77,0,-4.887,1,0.0367,0.0875,0.0,0.35,0.769,132.057,audio_features,103u49mLoJUge83B1CnLxI,spotify:track:103u49mLoJUge83B1CnLxI,https://api.spotify.com/v1/tracks/103u49mLoJUge83B1CnLxI,https://api.spotify.com/v1/audio-analysis/103u49mLoJUge83B1CnLxI,167535,4
0.656,0.291,2,-10.572,1,0.0293,0.872,0.0,0.114,0.298,103.971,audio_features,4RCWB3V8V0dignt99LZ8vH,spotify:track:4RCWB3V8V0dignt99LZ8vH,https://api.spotify.com/v1/tracks/4RCWB3V8V0dignt99LZ8vH,https://api.spotify.com/v1/audio-analysis/4RCWB3V8V0dignt99LZ8vH,232533,4
0.578,0.572,8,-8.378,1,0.0971,0.767,0.0,0.111,0.326,151.384,audio_features,0PFgeiQORt3eqq5OX7BxCc,spotify:track:0PFgeiQORt3eqq5OX7BxCc,https://api.spotify.com/v1/tracks/0PFgeiQORt3eqq5OX7BxCc,https://api.spotify.com/v1/audio-analysis/0PFgeiQORt3eqq5OX7BxCc,229639,4
0.619,0.709,7,-4.633,1,0.0395,0.00541,0.0,0.507,0.68,144.972,audio_features,1IYaMVfidzSfvCUZYXhsU1,spotify:track:1IYaMVfidzSfvCUZYXhsU1,https://api.spotify.com/v1/tracks/1IYaMVfidzSfvCUZYXhsU1,https://api.spotify.com/v1/audio-analysis/1IYaMVfidzSfvCUZYXhsU1,253400,4
0.742,0.913,5,-3.227,0,0.0773,0.122,0.0,0.329,0.704,116.029,audio_features,6NqfslFfCCOyBQ0Xw8kN8E,spotify:track:6NqfslFfCCOyBQ0Xw8kN8E,https://api.spotify.com/v1/tracks/6NqfslFfCCOyBQ0Xw8kN8E,https://api.spotify.com/v1/audio-analysis/6NqfslFfCCOyBQ0Xw8kN8E,198000,4
0.549,0.242,5,-11.692,1,0.038,0.809,8.1e-05,0.127,0.286,144.211,audio_features,0zWbYGQq5O1KQd0iqzgjP6,spotify:track:0zWbYGQq5O1KQd0iqzgjP6,https://api.spotify.com/v1/tracks/0zWbYGQq5O1KQd0iqzgjP6,https://api.spotify.com/v1/audio-analysis/0zWbYGQq5O1KQd0iqzgjP6,180304,4
0.619,0.87,2,-4.956,1,0.501,0.41,1.37e-06,0.0571,0.94,188.772,audio_features,1Y4ZdPOOgCUhBcKZOrUFiS,spotify:track:1Y4ZdPOOgCUhBcKZOrUFiS,https://api.spotify.com/v1/tracks/1Y4ZdPOOgCUhBcKZOrUFiS,https://api.spotify.com/v1/audio-analysis/1Y4ZdPOOgCUhBcKZOrUFiS,219773,4
0.723,0.644,11,-6.863,0,0.222,0.00308,0.0,0.352,0.645,144.09,audio_features,6DbqCKweKwVkHgRv1CI53D,spotify:track:6DbqCKweKwVkHgRv1CI53D,https://api.spotify.com/v1/tracks/6DbqCKweKwVkHgRv1CI53D,https://api.spotify.com/v1/audio-analysis/6DbqCKweKwVkHgRv1CI53D,261027,4
0.674,0.756,1,-4.927,1,0.471,0.856,0.0,0.105,0.861,78.708,audio_features,4Js2MCBgl8wupEjKewj0kT,spotify:track:4Js2MCBgl8wupEjKewj0kT,https://api.spotify.com/v1/tracks/4Js2MCBgl8wupEjKewj0kT,https://api.spotify.com/v1/audio-analysis/4Js2MCBgl8wupEjKewj0kT,151406,4
0.794,0.777,1,-3.696,0,0.0813,0.0982,0.0,0.202,0.706,160.022,audio_features,6PBAPjshd2JfEiWpdf3C2a,spotify:track:6PBAPjshd2JfEiWpdf3C2a,https://api.spotify.com/v1/tracks/6PBAPjshd2JfEiWpdf3C2a,https://api.spotify.com/v1/audio-analysis/6PBAPjshd2JfEiWpdf3C2a,173040,4
0.506,0.799,1,-6.58,1,0.38,0.0791,0.0,0.0929,0.461,120.405,audio_features,3RGyFugqjQjlL8XX0NW8dZ,spotify:track:3RGyFugqjQjlL8XX0NW8dZ,https://api.spotify.com/v1/tracks/3RGyFugqjQjlL8XX0NW8dZ,https://api.spotify.com/v1/audio-analysis/3RGyFugqjQjlL8XX0NW8dZ,236080,5
0.56,0.595,9,-4.53,1,0.0274,0.199,6.47e-05,0.132,0.144,104.011,audio_features,5hnyJvgoWiQUYZttV4wXy6,spotify:track:5hnyJvgoWiQUYZttV4wXy6,https://api.spotify.com/v1/tracks/5hnyJvgoWiQUYZttV4wXy6,https://api.spotify.com/v1/audio-analysis/5hnyJvgoWiQUYZttV4wXy6,267960,4
0.217,0.905,2,-4.103,1,0.0752,0.000289,0.00011,0.222,0.236,96.95,audio_features,5wQnmLuC1W7ATsArWACrgW,spotify:track:5wQnmLuC1W7ATsArWACrgW,https://api.spotify.com/v1/tracks/5wQnmLuC1W7ATsArWACrgW,https://api.spotify.com/v1/audio-analysis/5wQnmLuC1W7ATsArWACrgW,311107,4
0.476,0.736,2,-5.38,1,0.0343,0.0217,1.08e-06,0.203,0.251,129.084,audio_features,40LQiUUUKXVGyNs09lHVjW,spotify:track:40LQiUUUKXVGyNs09lHVjW,https://api.spotify.com/v1/tracks/40LQiUUUKXVGyNs09lHVjW,https://api.spotify.com/v1/audio-analysis/40LQiUUUKXVGyNs09lHVjW,261853,4
0.791,0.613,1,-11.628,0,0.0763,0.0986,0.0,0.0765,0.896,143.017,audio_features,60R2v9lheAu3lwZwAFxMZK,spotify:track:60R2v9lheAu3lwZwAFxMZK,https://api.spotify.com/v1/tracks/60R2v9lheAu3lwZwAFxMZK,https://api.spotify.com/v1/audio-analysis/60R2v9lheAu3lwZwAFxMZK,170640,4
0.421,0.799,6,-5.183,0,0.0562,0.00871,1.63e-05,0.0794,0.731,82.408,audio_features,4T4NLIMypdmyUwK54jECk4,spotify:track:4T4NLIMypdmyUwK54jECk4,https://api.spotify.com/v1/tracks/4T4NLIMypdmyUwK54jECk4,https://api.spotify.com/v1/audio-analysis/4T4NLIMypdmyUwK54jECk4,221720,4
0.792,0.589,4,-6.869,0,0.262,0.0259,0.000128,0.114,0.778,157.147,audio_features,0tYPj0NYa7vjlJaqlRSnJb,spotify:track:0tYPj0NYa7vjlJaqlRSnJb,https://api.spotify.com/v1/tracks/0tYPj0NYa7vjlJaqlRSnJb,https://api.spotify.com/v1/audio-analysis/0tYPj0NYa7vjlJaqlRSnJb,207587,4
0.629,0.733,7,-5.445,1,0.0419,0.0025,0.0,0.357,0.362,120.001,audio_features,3Ua0m0YmEjrMi9XErKcNiR,spotify:track:3Ua0m0YmEjrMi9XErKcNiR,https://api.spotify.com/v1/tracks/3Ua0m0YmEjrMi9XErKcNiR,https://api.spotify.com/v1/audio-analysis/3Ua0m0YmEjrMi9XErKcNiR,212241,4
0.711,0.761,8,-3.04,1,0.225,0.067,0.0,0.041,0.718,95.824,audio_features,6k8uthjEbttfWXcGaNTQGD,spotify:track:6k8uthjEbttfWXcGaNTQGD,https://api.spotify.com/v1/tracks/6k8uthjEbttfWXcGaNTQGD,https://api.spotify.com/v1/audio-analysis/6k8uthjEbttfWXcGaNTQGD,243880,4
0.803,0.454,8,-4.802,0,0.0294,0.352,0.0,0.0655,0.739,99.99,audio_features,7k6IzwMGpxnRghE7YosnXT,spotify:track:7k6IzwMGpxnRghE7YosnXT,https://api.spotify.com/v1/tracks/7k6IzwMGpxnRghE7YosnXT,https://api.spotify.com/v1/audio-analysis/7k6IzwMGpxnRghE7YosnXT,192213,4
0.888,0.577,1,-7.702,0,0.0612,0.0986,0.0,0.131,0.609,84.003,audio_features,05Sgj1Hx03ZXc57gsV1kfX,spotify:track:05Sgj1Hx03ZXc57gsV1kfX,https://api.spotify.com/v1/tracks/05Sgj1Hx03ZXc57gsV1kfX,https://api.spotify.com/v1/audio-analysis/05Sgj1Hx03ZXc57gsV1kfX,241840,4
0.599,0.785,3,-4.013,1,0.0309,0.448,0.00336,0.151,0.52,140.046,audio_features,0mUyMawtxj1CJ76kn9gIZK,spotify:track:0mUyMawtxj1CJ76kn9gIZK,https://api.spotify.com/v1/tracks/0mUyMawtxj1CJ76kn9gIZK,https://api.spotify.com/v1/audio-analysis/0mUyMawtxj1CJ76kn9gIZK,233640,4
0.421,0.728,7,-5.644,1,0.035,0.136,0.0,0.136,0.311,150.12,audio_features,1bPqAXwNiVcM6zjJU1Z4Cd,spotify:track:1bPqAXwNiVcM6zjJU1Z4Cd,https://api.spotify.com/v1/tracks/1bPqAXwNiVcM6zjJU1Z4Cd,https://api.spotify.com/v1/audio-analysis/1bPqAXwNiVcM6zjJU1Z4Cd,244667,4
0.564,0.419,1,-10.8,1,0.0323,0.179,0.0,0.707,0.287,144.013,audio_features,25bu6rqqBZrYXuLaZaCzVs,spotify:track:25bu6rqqBZrYXuLaZaCzVs,https://api.spotify.com/v1/tracks/25bu6rqqBZrYXuLaZaCzVs,https://api.spotify.com/v1/audio-analysis/25bu6rqqBZrYXuLaZaCzVs,166520,4
0.675,0.479,0,-9.87,0,0.0278,0.633,1.81e-05,0.0881,0.454,81.993,audio_features,0nZM3gXnFcNmbVGzMeqIXE,spotify:track:0nZM3gXnFcNmbVGzMeqIXE,https://api.spotify.com/v1/tracks/0nZM3gXnFcNmbVGzMeqIXE,https://api.spotify.com/v1/audio-analysis/0nZM3gXnFcNmbVGzMeqIXE,209493,4
0.633,0.976,8,-5.362,1,0.0519,0.00281,1.29e-05,0.382,0.493,142.027,audio_features,5YJtMNWKe55yr49cyJgxva,spotify:track:5YJtMNWKe55yr49cyJgxva,https://api.spotify.com/v1/tracks/5YJtMNWKe55yr49cyJgxva,https://api.spotify.com/v1/audio-analysis/5YJtMNWKe55yr49cyJgxva,197124,4
0.891,0.439,7,-7.994,0,0.428,0.0351,0.0,0.0932,0.622,77.499,audio_features,2ajhenDRiiAnCHHjsIOHhJ,spotify:track:2ajhenDRiiAnCHHjsIOHhJ,https://api.spotify.com/v1/tracks/2ajhenDRiiAnCHHjsIOHhJ,https://api.spotify.com/v1/audio-analysis/2ajhenDRiiAnCHHjsIOHhJ,224253,4
0.942,0.892,6,-6.363,0,0.196,0.023,0.000897,0.264,0.595,100.007,audio_features,50UkypyQJbSQLaXHke5Yep,spotify:track:50UkypyQJbSQLaXHke5Yep,https://api.spotify.com/v1/tracks/50UkypyQJbSQLaXHke5Yep,https://api.spotify.com/v1/audio-analysis/50UkypyQJbSQLaXHke5Yep,180493,4
0.791,0.462,0,-13.538,0,0.206,0.00659,2.44e-05,0.162,0.674,99.988,audio_features,7mEaVKlxsk8NPiLX4Jsw3p,spotify:track:7mEaVKlxsk8NPiLX4Jsw3p,https://api.spotify.com/v1/tracks/7mEaVKlxsk8NPiLX4Jsw3p,https://api.spotify.com/v1/audio-analysis/7mEaVKlxsk8NPiLX4Jsw3p,124884,4
0.693,0.823,5,-3.761,1,0.0726,0.0932,0.0,0.328,0.741,87.904,audio_features,1yKu2MhpwzDXXH2tzG6xoa,spotify:track:1yKu2MhpwzDXXH2tzG6xoa,https://api.spotify.com/v1/tracks/1yKu2MhpwzDXXH2tzG6xoa,https://api.spotify.com/v1/audio-analysis/1yKu2MhpwzDXXH2tzG6xoa,196093,4
0.569,0.882,3,-2.777,0,0.06,0.0316,0.0,0.142,0.201,148.038,audio_features,42VsgItocQwOQC3XWZ8JNA,spotify:track:42VsgItocQwOQC3XWZ8JNA,https://api.spotify.com/v1/tracks/42VsgItocQwOQC3XWZ8JNA,https://api.spotify.com/v1/audio-analysis/42VsgItocQwOQC3XWZ8JNA,191701,4
0.539,0.583,1,-4.935,0,0.0275,0.108,0.0,0.111,0.337,86.063,audio_features,1qIKynV6YQZgocodkPdCy7,spotify:track:1qIKynV6YQZgocodkPdCy7,https://api.spotify.com/v1/tracks/1qIKynV6YQZgocodkPdCy7,https://api.spotify.com/v1/audio-analysis/1qIKynV6YQZgocodkPdCy7,328093,4
0.77,0.587,8,-5.99,0,0.265,0.0268,0.0,0.0621,0.574,92.009,audio_features,7BKi4ZcyMBXeAvJ1OPxhdV,spotify:track:7BKi4ZcyMBXeAvJ1OPxhdV,https://api.spotify.com/v1/tracks/7BKi4ZcyMBXeAvJ1OPxhdV,https://api.spotify.com/v1/audio-analysis/7BKi4ZcyMBXeAvJ1OPxhdV,247973,4
0.352,0.911,1,-5.23,1,0.0747,0.00121,0.0,0.0995,0.236,148.033,audio_features,003vvx7Niy0yvhvHt4a68B,spotify:track:003vvx7Niy0yvhvHt4a68B,https://api.spotify.com/v1/tracks/003vvx7Niy0yvhvHt4a68B,https://api.spotify.com/v1/audio-analysis/003vvx7Niy0yvhvHt4a68B,222973,4
0.551,0.896,9,-3.152,0,0.109,0.033,0.0,0.0899,0.858,171.79,audio_features,4faFAhOflLzhfJECveRwva,spotify:track:4faFAhOflLzhfJECveRwva,https://api.spotify.com/v1/tracks/4faFAhOflLzhfJECveRwva,https://api.spotify.com/v1/audio-analysis/4faFAhOflLzhfJECveRwva,226640,4
0.7,0.538,1,-5.952,1,0.045,0.000204,0.0,0.105,0.189,136.518,audio_features,3B7i9OKRRmIsSBHEbJz58Y,spotify:track:3B7i9OKRRmIsSBHEbJz58Y,https://api.spotify.com/v1/tracks/3B7i9OKRRmIsSBHEbJz58Y,https://api.spotify.com/v1/audio-analysis/3B7i9OKRRmIsSBHEbJz58Y,237733,4
0.377,0.565,7,-4.74,1,0.0312,0.112,1.65e-06,0.204,0.14,134.542,audio_features,3w8xlZi49MQuQkyyB5bi5e,spotify:track:3w8xlZi49MQuQkyyB5bi5e,https://api.spotify.com/v1/tracks/3w8xlZi49MQuQkyyB5bi5e,https://api.spotify.com/v1/audio-analysis/3w8xlZi49MQuQkyyB5bi5e,225280,4
0.652,0.557,1,-5.714,0,0.0318,0.74,0.0,0.124,0.483,150.073,audio_features,2qxmye6gAegTMjLKEBoR3d,spotify:track:2qxmye6gAegTMjLKEBoR3d,https://api.spotify.com/v1/tracks/2qxmye6gAegTMjLKEBoR3d,https://api.spotify.com/v1/audio-analysis/2qxmye6gAegTMjLKEBoR3d,169354,4
0.613,0.914,7,-5.153,1,0.03,0.00522,2.21e-06,0.26,0.916,141.978,audio_features,1rXq0uoV4KTgRN64jXzIxo,spotify:track:1rXq0uoV4KTgRN64jXzIxo,https://api.spotify.com/v1/tracks/1rXq0uoV4KTgRN64jXzIxo,https://api.spotify.com/v1/audio-analysis/1rXq0uoV4KTgRN64jXzIxo,206865,4
0.483,0.412,7,-8.461,1,0.0402,0.737,0.0,0.116,0.247,170.163,audio_features,41zXlQxzTi6cGAjpOXyLYH,spotify:track:41zXlQxzTi6cGAjpOXyLYH,https://api.spotify.com/v1/tracks/41zXlQxzTi6cGAjpOXyLYH,https://api.spotify.com/v1/audio-analysis/41zXlQxzTi6cGAjpOXyLYH,203569,3
0.847,0.733,10,-6.439,0,0.16,0.00574,1.04e-05,0.151,0.202,130.029,audio_features,6pcywuOeGGWeOQzdUyti6k,spotify:track:6pcywuOeGGWeOQzdUyti6k,https://api.spotify.com/v1/tracks/6pcywuOeGGWeOQzdUyti6k,https://api.spotify.com/v1/audio-analysis/6pcywuOeGGWeOQzdUyti6k,193591,4
0.451,0.627,8,-4.59,1,0.127,0.591,0.00958,0.118,0.77,74.69,audio_features,0dGqP4VickYjtIaB5VOt4H,spotify:track:0dGqP4VickYjtIaB5VOt4H,https://api.spotify.com/v1/tracks/0dGqP4VickYjtIaB5VOt4H,https://api.spotify.com/v1/audio-analysis/0dGqP4VickYjtIaB5VOt4H,184000,4
0.783,0.916,1,-3.344,1,0.415,0.11,0.0,0.0746,0.695,95.321,audio_features,2Ozc0me9PV5vlt8cokwdvI,spotify:track:2Ozc0me9PV5vlt8cokwdvI,https://api.spotify.com/v1/tracks/2Ozc0me9PV5vlt8cokwdvI,https://api.spotify.com/v1/audio-analysis/2Ozc0me9PV5vlt8cokwdvI,247427,4
0.472,0.671,4,-4.649,1,0.029,0.0129,0.0,0.159,0.0681,82.952,audio_features,77loZpT5Y5PRP1S451P9Yz,spotify:track:77loZpT5Y5PRP1S451P9Yz,https://api.spotify.com/v1/tracks/77loZpT5Y5PRP1S451P9Yz,https://api.spotify.com/v1/audio-analysis/77loZpT5Y5PRP1S451P9Yz,232800,4
0.532,0.807,2,-4.301,1,0.057,0.0584,0.0,0.114,0.759,87.183,audio_features,7yXibbAYi4to5oQTeO738f,spotify:track:7yXibbAYi4to5oQTeO738f,https://api.spotify.com/v1/tracks/7yXibbAYi4to5oQTeO738f,https://api.spotify.com/v1/audio-analysis/7yXibbAYi4to5oQTeO738f,217440,4
0.754,0.718,11,-4.209,0,0.111,0.0122,0.000111,0.0923,0.576,169.116,audio_features,4L55p6txv9vuCWhpNnY6eY,spotify:track:4L55p6txv9vuCWhpNnY6eY,https://api.spotify.com/v1/tracks/4L55p6txv9vuCWhpNnY6eY,https://api.spotify.com/v1/audio-analysis/4L55p6txv9vuCWhpNnY6eY,201000,4
0.756,0.691,2,-3.718,1,0.178,0.0744,0.0,0.364,0.632,104.999,audio_features,4MeDnO5yA2Zi6IMlVApRci,spotify:track:4MeDnO5yA2Zi6IMlVApRci,https://api.spotify.com/v1/tracks/4MeDnO5yA2Zi6IMlVApRci,https://api.spotify.com/v1/audio-analysis/4MeDnO5yA2Zi6IMlVApRci,235187,4
0.461,0.887,11,-4.871,0,0.0429,0.000219,0.0,0.104,0.411,95.964,audio_features,5ya0TmUQw2wHMkq36rPsnd,spotify:track:5ya0TmUQw2wHMkq36rPsnd,https://api.spotify.com/v1/tracks/5ya0TmUQw2wHMkq36rPsnd,https://api.spotify.com/v1/audio-analysis/5ya0TmUQw2wHMkq36rPsnd,189987,4
0.526,0.775,0,-6.05,1,0.0352,0.707,2.05e-05,0.217,0.962,80.106,audio_features,3G7tRC24Uh09Hmp1KZ7LQ2,spotify:track:3G7tRC24Uh09Hmp1KZ7LQ2,https://api.spotify.com/v1/tracks/3G7tRC24Uh09Hmp1KZ7LQ2,https://api.spotify.com/v1/audio-analysis/3G7tRC24Uh09Hmp1KZ7LQ2,167373,4
0.828,0.792,10,-5.435,0,0.179,0.182,0.0,0.281,0.777,134.199,audio_features,2tOZtdbkAMQASWokLvSlzj,spotify:track:2tOZtdbkAMQASWokLvSlzj,https://api.spotify.com/v1/tracks/2tOZtdbkAMQASWokLvSlzj,https://api.spotify.com/v1/audio-analysis/2tOZtdbkAMQASWokLvSlzj,233360,4
0.925,0.744,0,-5.79,1,0.367,0.0644,0.0,0.0888,0.656,93.02,audio_features,0jSMveIWvnhDIvzqN74Uc7,spotify:track:0jSMveIWvnhDIvzqN74Uc7,https://api.spotify.com/v1/tracks/0jSMveIWvnhDIvzqN74Uc7,https://api.spotify.com/v1/audio-analysis/0jSMveIWvnhDIvzqN74Uc7,243227,4
0.851,0.849,1,-3.383,0,0.0828,0.497,2.05e-06,0.116,0.844,120.014,audio_features,4XHQyvbrBsQaaBUW1VvmsL,spotify:track:4XHQyvbrBsQaaBUW1VvmsL,https://api.spotify.com/v1/tracks/4XHQyvbrBsQaaBUW1VvmsL,https://api.spotify.com/v1/audio-analysis/4XHQyvbrBsQaaBUW1VvmsL,298773,4
0.551,0.913,0,-4.063,0,0.0466,0.0263,1.35e-05,0.347,0.544,119.992,audio_features,0v1XpBHnsbkCn7iJ9Ucr1l,spotify:track:0v1XpBHnsbkCn7iJ9Ucr1l,https://api.spotify.com/v1/tracks/0v1XpBHnsbkCn7iJ9Ucr1l,https://api.spotify.com/v1/audio-analysis/0v1XpBHnsbkCn7iJ9Ucr1l,224493,4
0.891,0.77,1,-6.124,1,0.0439,0.00862,0.0315,0.155,0.819,112.997,audio_features,2s0ouHqJebHfiQ6C1GUFJd,spotify:track:2s0ouHqJebHfiQ6C1GUFJd,https://api.spotify.com/v1/tracks/2s0ouHqJebHfiQ6C1GUFJd,https://api.spotify.com/v1/audio-analysis/2s0ouHqJebHfiQ6C1GUFJd,182627,4
0.866,0.749,2,-3.977,1,0.253,0.15,0.0,0.0614,0.891,92.074,audio_features,0l3GEbH3CviUytD6iX4wzg,spotify:track:0l3GEbH3CviUytD6iX4wzg,https://api.spotify.com/v1/tracks/0l3GEbH3CviUytD6iX4wzg,https://api.spotify.com/v1/audio-analysis/0l3GEbH3CviUytD6iX4wzg,250747,4
0.803,0.643,0,-5.612,1,0.34,0.0796,0.153,0.078,0.768,199.969,audio_features,3YE1DVMf46E45C3W9ybeWf,spotify:track:3YE1DVMf46E45C3W9ybeWf,https://api.spotify.com/v1/tracks/3YE1DVMf46E45C3W9ybeWf,https://api.spotify.com/v1/audio-analysis/3YE1DVMf46E45C3W9ybeWf,184733,4
0.299,0.422,5,-9.977,1,0.0285,0.0873,0.0,0.182,0.168,67.797,audio_features,623lYBOJ7bLwh1bu3yeN5V,spotify:track:623lYBOJ7bLwh1bu3yeN5V,https://api.spotify.com/v1/tracks/623lYBOJ7bLwh1bu3yeN5V,https://api.spotify.com/v1/audio-analysis/623lYBOJ7bLwh1bu3yeN5V,191600,4
0.733,0.521,3,-3.657,0,0.0457,0.107,0.0,0.0692,0.525,112.913,audio_features,3OUApyz3jDB3syGUNGqB1d,spotify:track:3OUApyz3jDB3syGUNGqB1d,https://api.spotify.com/v1/tracks/3OUApyz3jDB3syGUNGqB1d,https://api.spotify.com/v1/audio-analysis/3OUApyz3jDB3syGUNGqB1d,294693,4
0.837,0.765,7,-5.007,0,0.0631,0.0852,7.08e-05,0.1,0.912,133.57,audio_features,747tpec1a0Hfqvj2za1pBs,spotify:track:747tpec1a0Hfqvj2za1pBs,https://api.spotify.com/v1/tracks/747tpec1a0Hfqvj2za1pBs,https://api.spotify.com/v1/audio-analysis/747tpec1a0Hfqvj2za1pBs,161200,4
0.56,0.825,11,-3.862,1,0.0379,0.323,0.0,0.161,0.268,94.931,audio_features,4w1lzcaoZ1IC2K5TwjalRP,spotify:track:4w1lzcaoZ1IC2K5TwjalRP,https://api.spotify.com/v1/tracks/4w1lzcaoZ1IC2K5TwjalRP,https://api.spotify.com/v1/audio-analysis/4w1lzcaoZ1IC2K5TwjalRP,237493,4
0.596,0.62,5,-6.133,0,0.039,0.0122,0.0,0.82,0.102,80.029,audio_features,0mEdbdeRFQwBhN4xfyIeUM,spotify:track:0mEdbdeRFQwBhN4xfyIeUM,https://api.spotify.com/v1/tracks/0mEdbdeRFQwBhN4xfyIeUM,https://api.spotify.com/v1/audio-analysis/0mEdbdeRFQwBhN4xfyIeUM,271600,4
0.643,0.849,2,-5.428,1,0.0526,0.0371,0.0,0.058,0.903,162.152,audio_features,6GG73Jik4jUlQCkKg9JuGO,spotify:track:6GG73Jik4jUlQCkKg9JuGO,https://api.spotify.com/v1/tracks/6GG73Jik4jUlQCkKg9JuGO,https://api.spotify.com/v1/audio-analysis/6GG73Jik4jUlQCkKg9JuGO,165853,4
0.558,0.719,2,-5.113,1,0.0267,0.0367,0.0,0.115,0.371,112.027,audio_features,5QpaGzWp0hwB5faV8dkbAz,spotify:track:5QpaGzWp0hwB5faV8dkbAz,https://api.spotify.com/v1/tracks/5QpaGzWp0hwB5faV8dkbAz,https://api.spotify.com/v1/audio-analysis/5QpaGzWp0hwB5faV8dkbAz,208600,4
0.431,0.938,3,-4.507,0,0.0542,0.00805,0.0,0.138,0.523,157.462,audio_features,6lSr3iZTC144PKhvbPFzMp,spotify:track:6lSr3iZTC144PKhvbPFzMp,https://api.spotify.com/v1/tracks/6lSr3iZTC144PKhvbPFzMp,https://api.spotify.com/v1/audio-analysis/6lSr3iZTC144PKhvbPFzMp,304000,4
0.499,0.72,8,-9.101,1,0.0286,0.00466,0.00303,0.122,0.652,96.103,audio_features,0kr6d8wHDQPlzuET33NVn6,spotify:track:0kr6d8wHDQPlzuET33NVn6,https://api.spotify.com/v1/tracks/0kr6d8wHDQPlzuET33NVn6,https://api.spotify.com/v1/audio-analysis/0kr6d8wHDQPlzuET33NVn6,217680,4
0.66,0.536,10,-8.786,0,0.29,0.233,0.00669,0.111,0.775,159.963,audio_features,5Y0E3dOeynKuLDAXu0t0Bg,spotify:track:5Y0E3dOeynKuLDAXu0t0Bg,https://api.spotify.com/v1/tracks/5Y0E3dOeynKuLDAXu0t0Bg,https://api.spotify.com/v1/audio-analysis/5Y0E3dOeynKuLDAXu0t0Bg,237800,4
0.445,0.786,4,-6.677,1,0.0431,0.36,0.0243,0.103,0.315,144.027,audio_features,0fO1pBw5d9elBhAo0OleA0,spotify:track:0fO1pBw5d9elBhAo0OleA0,https://api.spotify.com/v1/tracks/0fO1pBw5d9elBhAo0OleA0,https://api.spotify.com/v1/audio-analysis/0fO1pBw5d9elBhAo0OleA0,228000,4
0.509,0.774,6,-4.054,1,0.0338,0.00189,0.000549,0.143,0.0824,116.529,audio_features,25CMmGsl22APKhfuj4Tp7j,spotify:track:25CMmGsl22APKhfuj4Tp7j,https://api.spotify.com/v1/tracks/25CMmGsl22APKhfuj4Tp7j,https://api.spotify.com/v1/audio-analysis/25CMmGsl22APKhfuj4Tp7j,264707,4
0.667,0.773,5,-4.983,0,0.0586,0.201,0.0,0.404,0.667,89.976,audio_features,4zYTZvtcww7OWKie7fxA9E,spotify:track:4zYTZvtcww7OWKie7fxA9E,https://api.spotify.com/v1/tracks/4zYTZvtcww7OWKie7fxA9E,https://api.spotify.com/v1/audio-analysis/4zYTZvtcww7OWKie7fxA9E,250707,4
0.596,0.661,5,-6.239,0,0.226,0.31,0.0,0.0847,0.86,129.491,audio_features,5mNV8Mz59bzyuQ53gTw0c0,spotify:track:5mNV8Mz59bzyuQ53gTw0c0,https://api.spotify.com/v1/tracks/5mNV8Mz59bzyuQ53gTw0c0,https://api.spotify.com/v1/audio-analysis/5mNV8Mz59bzyuQ53gTw0c0,232573,5
0.583,0.351,0,-5.836,1,0.0306,0.494,0.0,0.368,0.462,79.014,audio_features,4pCbJC43j3gSqG6Fen6upD,spotify:track:4pCbJC43j3gSqG6Fen6upD,https://api.spotify.com/v1/tracks/4pCbJC43j3gSqG6Fen6upD,https://api.spotify.com/v1/audio-analysis/4pCbJC43j3gSqG6Fen6upD,227467,4
0.817,0.585,5,-4.688,1,0.0301,0.439,0.0,0.147,0.916,105.014,audio_features,4KoecuyOpZaNFZ0UqVsllc,spotify:track:4KoecuyOpZaNFZ0UqVsllc,https://api.spotify.com/v1/tracks/4KoecuyOpZaNFZ0UqVsllc,https://api.spotify.com/v1/audio-analysis/4KoecuyOpZaNFZ0UqVsllc,218440,4
0.518,0.492,10,-8.436,0,0.193,0.216,0.0012,0.146,0.471,78.848,audio_features,1hz7SRTGUNAtIQ46qiNv2p,spotify:track:1hz7SRTGUNAtIQ46qiNv2p,https://api.spotify.com/v1/tracks/1hz7SRTGUNAtIQ46qiNv2p,https://api.spotify.com/v1/audio-analysis/1hz7SRTGUNAtIQ46qiNv2p,375387,4
0.79,0.613,9,-5.911,1,0.0698,0.288,0.0,0.0912,0.729,105.02,audio_features,4ewmHD3aRBmLyTsbGreNLw,spotify:track:4ewmHD3aRBmLyTsbGreNLw,https://api.spotify.com/v1/tracks/4ewmHD3aRBmLyTsbGreNLw,https://api.spotify.com/v1/audio-analysis/4ewmHD3aRBmLyTsbGreNLw,166947,4
0.65,0.531,4,-8.335,1,0.0364,0.457,0.0,0.249,0.487,78.946,audio_features,2aBxt229cbLDOvtL7Xbb9x,spotify:track:2aBxt229cbLDOvtL7Xbb9x,https://api.spotify.com/v1/tracks/2aBxt229cbLDOvtL7Xbb9x,https://api.spotify.com/v1/audio-analysis/2aBxt229cbLDOvtL7Xbb9x,258133,4
0.639,0.534,5,-5.588,1,0.0281,0.508,0.0,0.0948,0.434,122.931,audio_features,0fIG0HBRIjLRNDHAogtwSB,spotify:track:0fIG0HBRIjLRNDHAogtwSB,https://api.spotify.com/v1/tracks/0fIG0HBRIjLRNDHAogtwSB,https://api.spotify.com/v1/audio-analysis/0fIG0HBRIjLRNDHAogtwSB,240492,4
0.552,0.552,11,-9.736,0,0.0364,0.052,0.0,0.046,0.593,208.571,audio_features,1Qrdlkgg9I4J7r3P4kZNwr,spotify:track:1Qrdlkgg9I4J7r3P4kZNwr,https://api.spotify.com/v1/tracks/1Qrdlkgg9I4J7r3P4kZNwr,https://api.spotify.com/v1/audio-analysis/1Qrdlkgg9I4J7r3P4kZNwr,269760,4
0.523,0.787,9,-7.909,1,0.0778,0.0307,0.0,0.154,0.505,84.072,audio_features,0sr84SDJ9VN4EB7p2mWGur,spotify:track:0sr84SDJ9VN4EB7p2mWGur,https://api.spotify.com/v1/tracks/0sr84SDJ9VN4EB7p2mWGur,https://api.spotify.com/v1/audio-analysis/0sr84SDJ9VN4EB7p2mWGur,200067,4
0.763,0.628,11,-5.85,1,0.05,0.0531,0.0,0.114,0.193,140.958,audio_features,2cYqizR4lgvp4Qu6IQ3qGN,spotify:track:2cYqizR4lgvp4Qu6IQ3qGN,https://api.spotify.com/v1/tracks/2cYqizR4lgvp4Qu6IQ3qGN,https://api.spotify.com/v1/audio-analysis/2cYqizR4lgvp4Qu6IQ3qGN,190557,4
0.654,0.621,7,-8.608,1,0.027,0.0038,0.000435,0.167,0.626,111.901,audio_features,3byhGb1jyYOj8uNhA1UXoO,spotify:track:3byhGb1jyYOj8uNhA1UXoO,https://api.spotify.com/v1/tracks/3byhGb1jyYOj8uNhA1UXoO,https://api.spotify.com/v1/audio-analysis/3byhGb1jyYOj8uNhA1UXoO,253360,4
0.853,0.606,0,-4.596,1,0.0713,0.0561,0.0,0.313,0.654,94.759,audio_features,3WkibOpDF7cQ5xntM1epyf,spotify:track:3WkibOpDF7cQ5xntM1epyf,https://api.spotify.com/v1/tracks/3WkibOpDF7cQ5xntM1epyf,https://api.spotify.com/v1/audio-analysis/3WkibOpDF7cQ5xntM1epyf,227600,4
0.722,0.926,8,-5.849,1,0.209,0.0945,2.7e-06,0.128,0.605,155.898,audio_features,6xUeKifxyG3C9oFYlzPEGs,spotify:track:6xUeKifxyG3C9oFYlzPEGs,https://api.spotify.com/v1/tracks/6xUeKifxyG3C9oFYlzPEGs,https://api.spotify.com/v1/audio-analysis/6xUeKifxyG3C9oFYlzPEGs,226667,4
0.774,0.684,1,-4.721,0,0.0408,0.0687,9.34e-05,0.0765,0.354,98.001,audio_features,1ak0S3NhwWrUgNlQhJ1412,spotify:track:1ak0S3NhwWrUgNlQhJ1412,https://api.spotify.com/v1/tracks/1ak0S3NhwWrUgNlQhJ1412,https://api.spotify.com/v1/audio-analysis/1ak0S3NhwWrUgNlQhJ1412,236827,4
0.709,0.824,1,-8.824,1,0.0453,0.207,0.000307,0.0888,0.867,118.818,audio_features,2tUBqZG2AbRi7Q0BIrVrEj,spotify:track:2tUBqZG2AbRi7Q0BIrVrEj,https://api.spotify.com/v1/tracks/2tUBqZG2AbRi7Q0BIrVrEj,https://api.spotify.com/v1/audio-analysis/2tUBqZG2AbRi7Q0BIrVrEj,291293,4
0.739,0.75,0,-4.513,0,0.0278,0.205,0.0,0.157,0.758,109.983,audio_features,1rj0XawWJNisX7SGYexowJ,spotify:track:1rj0XawWJNisX7SGYexowJ,https://api.spotify.com/v1/tracks/1rj0XawWJNisX7SGYexowJ,https://api.spotify.com/v1/audio-analysis/1rj0XawWJNisX7SGYexowJ,200160,4
0.669,0.663,10,-6.377,0,0.0276,0.129,0.0671,0.0694,0.584,109.995,audio_features,3ISKxnCGKc5B9zr9CTUB3v,spotify:track:3ISKxnCGKc5B9zr9CTUB3v,https://api.spotify.com/v1/tracks/3ISKxnCGKc5B9zr9CTUB3v,https://api.spotify.com/v1/audio-analysis/3ISKxnCGKc5B9zr9CTUB3v,279413,4
0.618,0.693,7,-5.943,0,0.45,0.246,0.0,0.112,0.454,170.982,audio_features,2KvHC9z14GSl4YpkNMX384,spotify:track:2KvHC9z14GSl4YpkNMX384,https://api.spotify.com/v1/tracks/2KvHC9z14GSl4YpkNMX384,https://api.spotify.com/v1/audio-analysis/2KvHC9z14GSl4YpkNMX384,283551,4
0.481,0.94,7,-5.204,1,0.066,0.000891,0.0,0.0939,0.66,96.493,audio_features,3mNecsYFb6LQg7822DPXCP,spotify:track:3mNecsYFb6LQg7822DPXCP,https://api.spotify.com/v1/tracks/3mNecsYFb6LQg7822DPXCP,https://api.spotify.com/v1/audio-analysis/3mNecsYFb6LQg7822DPXCP,189333,4
0.548,0.532,5,-7.596,1,0.0323,0.186,0.000263,0.217,0.405,85.03,audio_features,5FVd6KXrgO9B3JPmC8OPst,spotify:track:5FVd6KXrgO9B3JPmC8OPst,https://api.spotify.com/v1/tracks/5FVd6KXrgO9B3JPmC8OPst,https://api.spotify.com/v1/audio-analysis/5FVd6KXrgO9B3JPmC8OPst,272394,4
0.636,0.761,3,-6.389,0,0.0306,0.0517,0.0,0.0642,0.736,93.896,audio_features,4cKGldbhGJniI8BrB3K6tb,spotify:track:4cKGldbhGJniI8BrB3K6tb,https://api.spotify.com/v1/tracks/4cKGldbhGJniI8BrB3K6tb,https://api.spotify.com/v1/audio-analysis/4cKGldbhGJniI8BrB3K6tb,257067,4
0.515,0.476,9,-9.843,1,0.0328,0.314,4.74e-05,0.171,0.412,135.886,audio_features,7kt9e9LFSpN1zQtYEl19o1,spotify:track:7kt9e9LFSpN1zQtYEl19o1,https://api.spotify.com/v1/tracks/7kt9e9LFSpN1zQtYEl19o1,https://api.spotify.com/v1/audio-analysis/7kt9e9LFSpN1zQtYEl19o1,195097,4
0.561,0.543,1,-8.498,1,0.0324,0.26,0.0,0.124,0.243,139.803,audio_features,6qc34bnVOyqGDPni8H5W0U,spotify:track:6qc34bnVOyqGDPni8H5W0U,https://api.spotify.com/v1/tracks/6qc34bnVOyqGDPni8H5W0U,https://api.spotify.com/v1/audio-analysis/6qc34bnVOyqGDPni8H5W0U,240867,4
0.634,0.677,5,-7.278,0,0.0304,0.0117,0.00103,0.126,0.558,135.012,audio_features,4Y8q64VnhD0vFYy9g2WFpi,spotify:track:4Y8q64VnhD0vFYy9g2WFpi,https://api.spotify.com/v1/tracks/4Y8q64VnhD0vFYy9g2WFpi,https://api.spotify.com/v1/audio-analysis/4Y8q64VnhD0vFYy9g2WFpi,240867,4
0.434,0.897,0,-4.918,1,0.0488,0.0103,0.0,0.612,0.684,148.726,audio_features,2m1hi0nfMR9vdGC8UcrnwU,spotify:track:2m1hi0nfMR9vdGC8UcrnwU,https://api.spotify.com/v1/tracks/2m1hi0nfMR9vdGC8UcrnwU,https://api.spotify.com/v1/audio-analysis/2m1hi0nfMR9vdGC8UcrnwU,167067,4
0.661,0.346,11,-9.115,1,0.03,0.452,0.0,0.131,0.256,129.752,audio_features,6mwA6YiKDjAUG8kWvRRUPh,spotify:track:6mwA6YiKDjAUG8kWvRRUPh,https://api.spotify.com/v1/tracks/6mwA6YiKDjAUG8kWvRRUPh,https://api.spotify.com/v1/audio-analysis/6mwA6YiKDjAUG8kWvRRUPh,263667,4
0.822,0.969,7,-11.471,0,0.0582,0.259,0.000153,0.39,0.765,128.007,audio_features,2yAVzRiEQooPEJ9SYx11L3,spotify:track:2yAVzRiEQooPEJ9SYx11L3,https://api.spotify.com/v1/tracks/2yAVzRiEQooPEJ9SYx11L3,https://api.spotify.com/v1/audio-analysis/2yAVzRiEQooPEJ9SYx11L3,283748,4
0.664,0.549,6,-7.282,1,0.036,0.202,0.0,0.122,0.408,149.98,audio_features,05QUYSOApWLr8oBbpONl7p,spotify:track:05QUYSOApWLr8oBbpONl7p,https://api.spotify.com/v1/tracks/05QUYSOApWLr8oBbpONl7p,https://api.spotify.com/v1/audio-analysis/05QUYSOApWLr8oBbpONl7p,167000,4
0.558,0.924,9,-4.341,0,0.064,0.0271,3.32e-06,0.537,0.567,151.99,audio_features,2E43WFS4rRc09za2r2GmZl,spotify:track:2E43WFS4rRc09za2r2GmZl,https://api.spotify.com/v1/tracks/2E43WFS4rRc09za2r2GmZl,https://api.spotify.com/v1/audio-analysis/2E43WFS4rRc09za2r2GmZl,186827,4
0.59,0.666,4,-4.047,0,0.0244,0.156,0.0,0.136,0.0743,104.042,audio_features,5gZEhPrN1VLqTG1nIAXeNK,spotify:track:5gZEhPrN1VLqTG1nIAXeNK,https://api.spotify.com/v1/tracks/5gZEhPrN1VLqTG1nIAXeNK,https://api.spotify.com/v1/audio-analysis/5gZEhPrN1VLqTG1nIAXeNK,263800,4
0.412,0.829,4,-11.112,1,0.529,0.394,0.0,0.108,0.677,191.476,audio_features,4agp6oHofabdUedr0B1krj,spotify:track:4agp6oHofabdUedr0B1krj,https://api.spotify.com/v1/tracks/4agp6oHofabdUedr0B1krj,https://api.spotify.com/v1/audio-analysis/4agp6oHofabdUedr0B1krj,265533,4
0.622,0.807,5,-6.752,0,0.408,0.103,0.0,0.306,0.892,174.06,audio_features,6x4tKaOzfNJpEJHySoiJcs,spotify:track:6x4tKaOzfNJpEJHySoiJcs,https://api.spotify.com/v1/tracks/6x4tKaOzfNJpEJHySoiJcs,https://api.spotify.com/v1/audio-analysis/6x4tKaOzfNJpEJHySoiJcs,220293,4
0.776,0.68,10,-10.088,1,0.0389,0.179,0.0,0.483,0.962,92.481,audio_features,6x959m2QDvatSwUAVCHIuf,spotify:track:6x959m2QDvatSwUAVCHIuf,https://api.spotify.com/v1/tracks/6x959m2QDvatSwUAVCHIuf,https://api.spotify.com/v1/audio-analysis/6x959m2QDvatSwUAVCHIuf,230107,4
