,Unnamed: 0,index,release_year,rank,song,artist,last-week,peak-rank,weeks-on-board,release_year.1,count,track_id,danceability,energy,key,loudness,mode,speechiness,acousticness,instrumentalness,liveness,valence,tempo,type,id,uri,track_href,analysis_url,duration_ms,time_signature,error
0,0,81,2019,33,Without Me,Halsey,34.0,1,52,2019,1,7lQ8MOhq6IN2w8EYcFNSUk,0.908,0.669,7.0,-2.827,1.0,0.0738,0.00286,0.0,0.237,0.662,112.238,audio_features,7lQ8MOhq6IN2w8EYcFNSUk,spotify:track:7lQ8MOhq6IN2w8EYcFNSUk,https://api.spotify.com/v1/tracks/7lQ8MOhq6IN2w8EYcFNSUk,https://api.spotify.com/v1/audio-analysis/7lQ8MOhq6IN2w8EYcFNSUk,290320.0,4.0,
1,1,86,2018,46,Sad!,XXXTENTACION,45.0,1,38,2018,1,3ee8Jmje8o58CHK66QrVC2,0.74,0.613,8.0,-4.88,1.0,0.145,0.258,0.00372,0.123,0.473,75.023,audio_features,3ee8Jmje8o58CHK66QrVC2,spotify:track:3ee8Jmje8o58CHK66QrVC2,https://api.spotify.com/v1/tracks/3ee8Jmje8o58CHK66QrVC2,https://api.spotify.com/v1/audio-analysis/3ee8Jmje8o58CHK66QrVC2,166606.0,4.0,
2,2,89,2018,100,This Is America,Childish Gambino,95.0,1,17,2018,1,0b9oOr2ZgvyQu88wzixux9,0.854,0.463,5.0,-6.159,1.0,0.137,0.117,0.0,0.354,0.549,120.024,audio_features,0b9oOr2ZgvyQu88wzixux9,spotify:track:0b9oOr2ZgvyQu88wzixux9,https://api.spotify.com/v1/tracks/0b9oOr2ZgvyQu88wzixux9,https://api.spotify.com/v1/audio-analysis/0b9oOr2ZgvyQu88wzixux9,225773.0,4.0,
3,3,98,2017,47,Humble.,Kendrick Lamar,50.0,1,37,2017,1,7KXjTSCq5nL1LoYtL7XAwS,0.908,0.621,1.0,-6.638,0.0,0.102,0.000282,5.39e-05,0.0958,0.421,150.011,audio_features,7KXjTSCq5nL1LoYtL7XAwS,spotify:track:7KXjTSCq5nL1LoYtL7XAwS,https://api.spotify.com/v1/tracks/7KXjTSCq5nL1LoYtL7XAwS,https://api.spotify.com/v1/audio-analysis/7KXjTSCq5nL1LoYtL7XAwS,177000.0,4.0,
4,4,115,2016,44,Panda,Desiigner,42.0,1,40,2016,1,5YEOzOojehCqxGQCcQiyR4,0.576,0.766,10.0,-4.943,0.0,0.449,0.028,1.68e-06,0.366,0.236,144.833,audio_features,5YEOzOojehCqxGQCcQiyR4,spotify:track:5YEOzOojehCqxGQCcQiyR4,https://api.spotify.com/v1/tracks/5YEOzOojehCqxGQCcQiyR4,https://api.spotify.com/v1/audio-analysis/5YEOzOojehCqxGQCcQiyR4,246761.0,4.0,
5,5,121,2016,48,Pillowtalk,Zayn,38.0,1,24,2016,1,0PDUDa38GO8lMxLCRc4lL1,0.584,0.7,11.0,-4.275,1.0,0.0456,0.117,0.0,0.0939,0.438,124.944,audio_features,0PDUDa38GO8lMxLCRc4lL1,spotify:track:0PDUDa38GO8lMxLCRc4lL1,https://api.spotify.com/v1/tracks/0PDUDa38GO8lMxLCRc4lL1,https://api.spotify.com/v1/audio-analysis/0PDUDa38GO8lMxLCRc4lL1,202747.0,4.0,
6,6,128,2016,49,Cheerleader,OMI,43.0,1,35,2016,1,023OVLNzXhX0j7CxswUt6D,0.78,0.68,4.0,-6.081,1.0,0.0305,0.141,1.2e-05,0.138,0.594,118.026,audio_features,023OVLNzXhX0j7CxswUt6D,spotify:track:023OVLNzXhX0j7CxswUt6D,https://api.spotify.com/v1/tracks/023OVLNzXhX0j7CxswUt6D,https://api.spotify.com/v1/audio-analysis/023OVLNzXhX0j7CxswUt6D,180560.0,4.0,
7,7,130,2015,49,All About That Bass,Meghan Trainor,47.0,1,47,2015,1,5jE48hhRu8E6zBDPRSkEq7,0.807,0.887,9.0,-3.726,1.0,0.0503,0.0573,2.87e-06,0.124,0.961,134.052,audio_features,5jE48hhRu8E6zBDPRSkEq7,spotify:track:5jE48hhRu8E6zBDPRSkEq7,https://api.spotify.com/v1/tracks/5jE48hhRu8E6zBDPRSkEq7,https://api.spotify.com/v1/audio-analysis/5jE48hhRu8E6zBDPRSkEq7,187920.0,4.0,
8,8,131,2015,44,Rude,MAGIC!,45.0,1,41,2015,1,6RtPijgfPKROxEzTHNRiDp,0.773,0.758,1.0,-4.993,1.0,0.0381,0.0422,0.0,0.305,0.925,144.033,audio_features,6RtPijgfPKROxEzTHNRiDp,spotify:track:6RtPijgfPKROxEzTHNRiDp,https://api.spotify.com/v1/tracks/6RtPijgfPKROxEzTHNRiDp,https://api.spotify.com/v1/audio-analysis/6RtPijgfPKROxEzTHNRiDp,224840.0,4.0,
9,9,133,2014,43,All Of Me,John Legend,36.0,1,59,2014,1,3U4isOIWM3VvDubwSI3y7a,0.422,0.264,8.0,-7.064,1.0,0.0322,0.922,0.0,0.132,0.331,119.93,audio_features,3U4isOIWM3VvDubwSI3y7a,spotify:track:3U4isOIWM3VvDubwSI3y7a,https://api.spotify.com/v1/tracks/3U4isOIWM3VvDubwSI3y7a,https://api.spotify.com/v1/audio-analysis/3U4isOIWM3VvDubwSI3y7a,269560.0,4.0,
10,10,134,2014,50,Happy,Pharrell Williams,37.0,1,47,2014,1,27RYrbL6S02LNVhDWVl38b,0.321,0.64,2.0,-10.023,1.0,0.0324,0.28,0.0,0.718,0.414,146.172,audio_features,27RYrbL6S02LNVhDWVl38b,spotify:track:27RYrbL6S02LNVhDWVl38b,https://api.spotify.com/v1/tracks/27RYrbL6S02LNVhDWVl38b,https://api.spotify.com/v1/audio-analysis/27RYrbL6S02LNVhDWVl38b,214333.0,3.0,
11,11,150,2014,49,Royals,Lorde,44.0,1,44,2014,1,2dLLR6qlu5UJ5gk0dKz0h3,0.674,0.428,7.0,-9.504,1.0,0.122,0.121,0.0,0.132,0.337,84.878,audio_features,2dLLR6qlu5UJ5gk0dKz0h3,spotify:track:2dLLR6qlu5UJ5gk0dKz0h3,https://api.spotify.com/v1/tracks/2dLLR6qlu5UJ5gk0dKz0h3,https://api.spotify.com/v1/audio-analysis/2dLLR6qlu5UJ5gk0dKz0h3,190185.0,4.0,
12,12,157,2014,47,Wrecking Ball,Miley Cyrus,43.0,1,32,2014,1,2vwlzO0Qp8kfEtzTsCXfyE,0.53,0.422,5.0,-6.262,1.0,0.0342,0.407,0.0,0.107,0.349,119.964,audio_features,2vwlzO0Qp8kfEtzTsCXfyE,spotify:track:2vwlzO0Qp8kfEtzTsCXfyE,https://api.spotify.com/v1/tracks/2vwlzO0Qp8kfEtzTsCXfyE,https://api.spotify.com/v1/audio-analysis/2vwlzO0Qp8kfEtzTsCXfyE,221360.0,4.0,
13,13,166,2013,70,Harlem Shake,Baauer,64.0,1,20,2013,1,01XFgRZfZI7oBagNf1Loml,0.452,0.794,0.0,-5.151,1.0,0.0483,0.0111,0.00182,0.416,0.282,137.825,audio_features,01XFgRZfZI7oBagNf1Loml,spotify:track:01XFgRZfZI7oBagNf1Loml,https://api.spotify.com/v1/tracks/01XFgRZfZI7oBagNf1Loml,https://api.spotify.com/v1/audio-analysis/01XFgRZfZI7oBagNf1Loml,196664.0,4.0,
14,14,176,2013,48,Call Me Maybe,Carly Rae Jepsen,43.0,1,50,2013,1,3TGRqZ0a2l1LRblBkJoaDx,0.783,0.58,7.0,-6.548,1.0,0.0408,0.0114,2.28e-06,0.108,0.66,120.021,audio_features,3TGRqZ0a2l1LRblBkJoaDx,spotify:track:3TGRqZ0a2l1LRblBkJoaDx,https://api.spotify.com/v1/tracks/3TGRqZ0a2l1LRblBkJoaDx,https://api.spotify.com/v1/audio-analysis/3TGRqZ0a2l1LRblBkJoaDx,193400.0,4.0,
15,15,185,2012,50,Sexy And I Know It,LMFAO,46.0,1,42,2012,1,0obBFrPYkSoBJbvHfUIhkv,0.707,0.861,7.0,-4.225,1.0,0.316,0.1,0.0,0.191,0.795,130.021,audio_features,0obBFrPYkSoBJbvHfUIhkv,spotify:track:0obBFrPYkSoBJbvHfUIhkv,https://api.spotify.com/v1/tracks/0obBFrPYkSoBJbvHfUIhkv,https://api.spotify.com/v1/audio-analysis/0obBFrPYkSoBJbvHfUIhkv,199480.0,4.0,
16,16,209,2011,38,Black And Yellow,Wiz Khalifa,34.0,1,25,2011,1,5A6OHHy73AR5tLxgTc98zz,0.684,0.834,2.0,-4.524,0.0,0.0675,0.0646,0.0,0.271,0.538,164.02,audio_features,5A6OHHy73AR5tLxgTc98zz,spotify:track:5A6OHHy73AR5tLxgTc98zz,https://api.spotify.com/v1/tracks/5A6OHHy73AR5tLxgTc98zz,https://api.spotify.com/v1/audio-analysis/5A6OHHy73AR5tLxgTc98zz,217667.0,4.0,
17,17,222,2010,47,Empire State Of Mind,Jay-Z + Alicia Keys,39.0,1,30,2010,1,2igwFfvr1OAGX9SKDCPBwO,0.491,0.956,11.0,-1.538,1.0,0.392,0.0295,0.0,0.46,0.811,173.585,audio_features,2igwFfvr1OAGX9SKDCPBwO,spotify:track:2igwFfvr1OAGX9SKDCPBwO,https://api.spotify.com/v1/tracks/2igwFfvr1OAGX9SKDCPBwO,https://api.spotify.com/v1/audio-analysis/2igwFfvr1OAGX9SKDCPBwO,276920.0,4.0,
18,18,224,2010,48,Fireflies,Owl City,38.0,1,31,2010,1,3DamFFqW32WihKkTVlwTYQ,0.512,0.662,3.0,-6.797,1.0,0.0439,0.0275,0.0,0.118,0.472,180.114,audio_features,3DamFFqW32WihKkTVlwTYQ,spotify:track:3DamFFqW32WihKkTVlwTYQ,https://api.spotify.com/v1/tracks/3DamFFqW32WihKkTVlwTYQ,https://api.spotify.com/v1/audio-analysis/3DamFFqW32WihKkTVlwTYQ,228347.0,4.0,
19,19,225,2010,49,Whatcha Say,Jason Derulo,46.0,1,32,2010,1,67T6l4q3zVjC5nZZPXByU8,0.615,0.711,11.0,-5.507,1.0,0.0779,0.0444,0.0,0.145,0.711,144.036,audio_features,67T6l4q3zVjC5nZZPXByU8,spotify:track:67T6l4q3zVjC5nZZPXByU8,https://api.spotify.com/v1/tracks/67T6l4q3zVjC5nZZPXByU8,https://api.spotify.com/v1/audio-analysis/67T6l4q3zVjC5nZZPXByU8,221253.0,4.0,
20,20,228,2009,48,Viva La Vida,Coldplay,45.0,1,51,2009,1,1mea3bSkSGXuIRvnydlB5b,0.486,0.617,5.0,-7.115,0.0,0.0287,0.0954,3.23e-06,0.109,0.417,138.015,audio_features,1mea3bSkSGXuIRvnydlB5b,spotify:track:1mea3bSkSGXuIRvnydlB5b,https://api.spotify.com/v1/tracks/1mea3bSkSGXuIRvnydlB5b,https://api.spotify.com/v1/audio-analysis/1mea3bSkSGXuIRvnydlB5b,242373.0,4.0,
21,21,232,2009,40,Whatever You Like,T.I.,35.0,1,31,2009,1,1IAzD1muglOxOcPbUHs70R,0.68,0.687,9.0,-6.162,0.0,0.0709,0.0161,0.0,0.261,0.467,150.053,audio_features,1IAzD1muglOxOcPbUHs70R,spotify:track:1IAzD1muglOxOcPbUHs70R,https://api.spotify.com/v1/tracks/1IAzD1muglOxOcPbUHs70R,https://api.spotify.com/v1/audio-analysis/1IAzD1muglOxOcPbUHs70R,249533.0,4.0,
22,22,233,2008,47,Bleeding Love,Leona Lewis,45.0,1,39,2008,1,7wZUrN8oemZfsEd1CGkbXE,0.638,0.656,5.0,-5.886,1.0,0.0357,0.188,0.0,0.146,0.225,104.036,audio_features,7wZUrN8oemZfsEd1CGkbXE,spotify:track:7wZUrN8oemZfsEd1CGkbXE,https://api.spotify.com/v1/tracks/7wZUrN8oemZfsEd1CGkbXE,https://api.spotify.com/v1/audio-analysis/7wZUrN8oemZfsEd1CGkbXE,262467.0,4.0,
23,23,242,2008,45,Crank That (Soulja Boy),Soulja Boy Tell'em,42.0,1,32,2008,1,66TRwr5uJwPt15mfFkzhbi,0.736,0.74,0.0,-2.18,1.0,0.0786,0.515,0.0,0.0468,0.803,140.141,audio_features,66TRwr5uJwPt15mfFkzhbi,spotify:track:66TRwr5uJwPt15mfFkzhbi,https://api.spotify.com/v1/tracks/66TRwr5uJwPt15mfFkzhbi,https://api.spotify.com/v1/audio-analysis/66TRwr5uJwPt15mfFkzhbi,221933.0,4.0,
24,24,243,2008,46,Stronger,Kanye West,38.0,1,27,2008,1,0j2T0R9dR9qdJYsB7ciXhf,0.617,0.717,10.0,-7.858,0.0,0.153,0.00564,0.0,0.408,0.49,103.992,audio_features,0j2T0R9dR9qdJYsB7ciXhf,spotify:track:0j2T0R9dR9qdJYsB7ciXhf,https://api.spotify.com/v1/tracks/0j2T0R9dR9qdJYsB7ciXhf,https://api.spotify.com/v1/audio-analysis/0j2T0R9dR9qdJYsB7ciXhf,311867.0,4.0,
25,25,245,2007,47,Hey There Delilah,Plain White T's,39.0,1,35,2007,1,4RCWB3V8V0dignt99LZ8vH,0.656,0.291,2.0,-10.572,1.0,0.0293,0.872,0.0,0.114,0.298,103.971,audio_features,4RCWB3V8V0dignt99LZ8vH,spotify:track:4RCWB3V8V0dignt99LZ8vH,https://api.spotify.com/v1/tracks/4RCWB3V8V0dignt99LZ8vH,https://api.spotify.com/v1/audio-analysis/4RCWB3V8V0dignt99LZ8vH,232533.0,4.0,
26,26,247,2007,50,Beautiful Girls,Sean Kingston,38.0,1,22,2007,1,1hGy2eLcmC8eKx7qr1tOqx,0.762,0.661,1.0,-6.075,0.0,0.0687,0.15,0.0,0.256,0.769,130.009,audio_features,1hGy2eLcmC8eKx7qr1tOqx,spotify:track:1hGy2eLcmC8eKx7qr1tOqx,https://api.spotify.com/v1/tracks/1hGy2eLcmC8eKx7qr1tOqx,https://api.spotify.com/v1/audio-analysis/1hGy2eLcmC8eKx7qr1tOqx,225373.0,4.0,
27,27,248,2007,43,Girlfriend,Avril Lavigne,31.0,1,24,2007,1,5PjdC2gMATetx5xdnwGUu7,0.541,0.382,7.0,-14.323,1.0,0.035,0.0215,0.000836,0.304,0.343,155.901,audio_features,5PjdC2gMATetx5xdnwGUu7,spotify:track:5PjdC2gMATetx5xdnwGUu7,https://api.spotify.com/v1/tracks/5PjdC2gMATetx5xdnwGUu7,https://api.spotify.com/v1/audio-analysis/5PjdC2gMATetx5xdnwGUu7,204991.0,4.0,
28,28,251,2007,46,This Is Why I'm Hot,Mims,30.0,1,23,2007,1,4Js2MCBgl8wupEjKewj0kT,0.674,0.756,1.0,-4.927,1.0,0.471,0.856,0.0,0.105,0.861,78.708,audio_features,4Js2MCBgl8wupEjKewj0kT,spotify:track:4Js2MCBgl8wupEjKewj0kT,https://api.spotify.com/v1/tracks/4Js2MCBgl8wupEjKewj0kT,https://api.spotify.com/v1/audio-analysis/4Js2MCBgl8wupEjKewj0kT,151406.0,4.0,
29,29,252,2007,48,Don't Matter,Akon,36.0,1,23,2007,1,6G8kHiVZ1jW7vHMPVRNZU0,0.822,0.318,10.0,-12.391,1.0,0.0575,0.493,0.0128,0.11,0.138,102.998,audio_features,6G8kHiVZ1jW7vHMPVRNZU0,spotify:track:6G8kHiVZ1jW7vHMPVRNZU0,https://api.spotify.com/v1/tracks/6G8kHiVZ1jW7vHMPVRNZU0,https://api.spotify.com/v1/audio-analysis/6G8kHiVZ1jW7vHMPVRNZU0,245787.0,4.0,
30,30,253,2007,42,Say It Right,Nelly Furtado,44.0,1,30,2007,1,2aI21FnmY7TJVKeMaoQZ0t,0.872,0.872,1.0,-6.328,1.0,0.139,0.0476,0.00112,0.0543,0.809,116.948,audio_features,2aI21FnmY7TJVKeMaoQZ0t,spotify:track:2aI21FnmY7TJVKeMaoQZ0t,https://api.spotify.com/v1/tracks/2aI21FnmY7TJVKeMaoQZ0t,https://api.spotify.com/v1/audio-analysis/2aI21FnmY7TJVKeMaoQZ0t,223080.0,4.0,
31,31,260,2006,49,Bad Day,Daniel Powter,49.0,1,32,2006,1,0mUyMawtxj1CJ76kn9gIZK,0.599,0.785,3.0,-4.013,1.0,0.0309,0.448,0.00336,0.151,0.52,140.046,audio_features,0mUyMawtxj1CJ76kn9gIZK,spotify:track:0mUyMawtxj1CJ76kn9gIZK,https://api.spotify.com/v1/tracks/0mUyMawtxj1CJ76kn9gIZK,https://api.spotify.com/v1/audio-analysis/0mUyMawtxj1CJ76kn9gIZK,233640.0,4.0,
32,32,263,2006,98,Do I Make You Proud,Taylor Hicks,78.0,1,8,2006,1,25bu6rqqBZrYXuLaZaCzVs,0.564,0.419,1.0,-10.8,1.0,0.0323,0.179,0.0,0.707,0.287,144.013,audio_features,25bu6rqqBZrYXuLaZaCzVs,spotify:track:25bu6rqqBZrYXuLaZaCzVs,https://api.spotify.com/v1/tracks/25bu6rqqBZrYXuLaZaCzVs,https://api.spotify.com/v1/audio-analysis/25bu6rqqBZrYXuLaZaCzVs,166520.0,4.0,
33,33,264,2006,49,You're Beautiful,James Blunt,45.0,1,38,2006,1,4IiU1zrJi73ZBfXpAiXIGx,0.675,0.479,0.0,-9.87,0.0,0.0278,0.633,1.81e-05,0.0881,0.454,81.993,audio_features,4IiU1zrJi73ZBfXpAiXIGx,spotify:track:4IiU1zrJi73ZBfXpAiXIGx,https://api.spotify.com/v1/tracks/4IiU1zrJi73ZBfXpAiXIGx,https://api.spotify.com/v1/audio-analysis/4IiU1zrJi73ZBfXpAiXIGx,209493.0,4.0,
34,34,265,2006,41,So Sick,Ne-Yo,30.0,1,25,2006,1,6brl7bwOHmGFkNw3MBqssT,0.452,0.574,6.0,-8.336,1.0,0.31,0.246,0.0,0.189,0.58,92.791,audio_features,6brl7bwOHmGFkNw3MBqssT,spotify:track:6brl7bwOHmGFkNw3MBqssT,https://api.spotify.com/v1/tracks/6brl7bwOHmGFkNw3MBqssT,https://api.spotify.com/v1/audio-analysis/6brl7bwOHmGFkNw3MBqssT,207187.0,4.0,
35,35,268,2006,47,Run It!,Chris Brown,44.0,1,38,2006,1,7xYnUQigPoIDAMPVK79NEq,0.846,0.482,1.0,-6.721,0.0,0.129,0.0246,0.0,0.393,0.212,100.969,audio_features,7xYnUQigPoIDAMPVK79NEq,spotify:track:7xYnUQigPoIDAMPVK79NEq,https://api.spotify.com/v1/tracks/7xYnUQigPoIDAMPVK79NEq,https://api.spotify.com/v1/audio-analysis/7xYnUQigPoIDAMPVK79NEq,229867.0,4.0,
36,36,270,2006,47,Laffy Taffy,D4L,42.0,1,26,2006,1,2ajhenDRiiAnCHHjsIOHhJ,0.891,0.439,7.0,-7.994,0.0,0.428,0.0351,0.0,0.0932,0.622,77.499,audio_features,2ajhenDRiiAnCHHjsIOHhJ,spotify:track:2ajhenDRiiAnCHHjsIOHhJ,https://api.spotify.com/v1/tracks/2ajhenDRiiAnCHHjsIOHhJ,https://api.spotify.com/v1/audio-analysis/2ajhenDRiiAnCHHjsIOHhJ,224253.0,4.0,
37,37,271,2005,45,Hollaback Girl,Gwen Stefani,40.0,1,31,2005,1,0LzrhCZFXW94Y8nwtTuRlw,0.926,0.916,10.0,-2.221,0.0,0.0929,0.35,6.17e-06,0.0234,0.904,110.007,audio_features,0LzrhCZFXW94Y8nwtTuRlw,spotify:track:0LzrhCZFXW94Y8nwtTuRlw,https://api.spotify.com/v1/tracks/0LzrhCZFXW94Y8nwtTuRlw,https://api.spotify.com/v1/audio-analysis/0LzrhCZFXW94Y8nwtTuRlw,199853.0,4.0,
38,38,272,2005,98,Inside Your Heaven,Carrie Underwood,94.0,1,12,2005,1,3w8xlZi49MQuQkyyB5bi5e,0.377,0.565,7.0,-4.74,1.0,0.0312,0.112,1.65e-06,0.204,0.14,134.542,audio_features,3w8xlZi49MQuQkyyB5bi5e,spotify:track:3w8xlZi49MQuQkyyB5bi5e,https://api.spotify.com/v1/tracks/3w8xlZi49MQuQkyyB5bi5e,https://api.spotify.com/v1/audio-analysis/3w8xlZi49MQuQkyyB5bi5e,225280.0,4.0,
39,39,274,2005,46,Let Me Love You,Mario,38.0,1,36,2005,1,0lYBSQXN6rCTvUZvg9S0lU,0.649,0.716,8.0,-5.371,1.0,0.0349,0.0863,2.63e-05,0.135,0.163,99.988,audio_features,0lYBSQXN6rCTvUZvg9S0lU,spotify:track:0lYBSQXN6rCTvUZvg9S0lU,https://api.spotify.com/v1/tracks/0lYBSQXN6rCTvUZvg9S0lU,https://api.spotify.com/v1/audio-analysis/0lYBSQXN6rCTvUZvg9S0lU,205947.0,4.0,
40,40,277,2005,41,My Boo,Usher And Alicia Keys,34.0,1,26,2005,1,6pcywuOeGGWeOQzdUyti6k,0.847,0.733,10.0,-6.439,0.0,0.16,0.00574,1.04e-05,0.151,0.202,130.029,audio_features,6pcywuOeGGWeOQzdUyti6k,spotify:track:6pcywuOeGGWeOQzdUyti6k,https://api.spotify.com/v1/tracks/6pcywuOeGGWeOQzdUyti6k,https://api.spotify.com/v1/audio-analysis/6pcywuOeGGWeOQzdUyti6k,193591.0,4.0,
41,41,278,2005,48,Lean Back,Terror Squad,31.0,1,31,2005,1,2Ozc0me9PV5vlt8cokwdvI,0.783,0.916,1.0,-3.344,1.0,0.415,0.11,0.0,0.0746,0.695,95.321,audio_features,2Ozc0me9PV5vlt8cokwdvI,spotify:track:2Ozc0me9PV5vlt8cokwdvI,https://api.spotify.com/v1/tracks/2Ozc0me9PV5vlt8cokwdvI,https://api.spotify.com/v1/audio-analysis/2Ozc0me9PV5vlt8cokwdvI,247427.0,4.0,
42,42,286,2004,98,I Believe,Fantasia,88.0,1,10,2004,1,3G7tRC24Uh09Hmp1KZ7LQ2,0.526,0.775,0.0,-6.05,1.0,0.0352,0.707,2.05e-05,0.217,0.962,80.106,audio_features,3G7tRC24Uh09Hmp1KZ7LQ2,spotify:track:3G7tRC24Uh09Hmp1KZ7LQ2,https://api.spotify.com/v1/tracks/3G7tRC24Uh09Hmp1KZ7LQ2,https://api.spotify.com/v1/audio-analysis/3G7tRC24Uh09Hmp1KZ7LQ2,167373.0,4.0,
43,43,295,2003,97,This Is The Night,Clay Aiken,98.0,1,16,2003,1,01YROQCnF1AQm7SCWJmD2o,0.569,0.508,7.0,-12.823,1.0,0.0502,0.768,0.0,0.145,0.647,167.624,audio_features,01YROQCnF1AQm7SCWJmD2o,spotify:track:01YROQCnF1AQm7SCWJmD2o,https://api.spotify.com/v1/tracks/01YROQCnF1AQm7SCWJmD2o,https://api.spotify.com/v1/audio-analysis/01YROQCnF1AQm7SCWJmD2o,196560.0,4.0,
44,44,297,2003,46,In Da Club,50 Cent,44.0,1,30,2003,1,4RY96Asd9IefaL3X4LOLZ8,0.902,0.72,6.0,-2.776,0.0,0.347,0.26,0.0,0.0749,0.805,90.059,audio_features,4RY96Asd9IefaL3X4LOLZ8,spotify:track:4RY96Asd9IefaL3X4LOLZ8,https://api.spotify.com/v1/tracks/4RY96Asd9IefaL3X4LOLZ8,https://api.spotify.com/v1/audio-analysis/4RY96Asd9IefaL3X4LOLZ8,193467.0,4.0,
45,45,301,2002,39,Hot In Herre,Nelly,35.0,1,26,2002,1,04KTF78FFg8sOHC1BADqbY,0.956,0.745,11.0,-4.753,0.0,0.12,0.206,0.0,0.0615,0.912,107.075,audio_features,04KTF78FFg8sOHC1BADqbY,spotify:track:04KTF78FFg8sOHC1BADqbY,https://api.spotify.com/v1/tracks/04KTF78FFg8sOHC1BADqbY,https://api.spotify.com/v1/audio-analysis/04KTF78FFg8sOHC1BADqbY,228240.0,4.0,
46,46,302,2002,49,Foolish,Ashanti,50.0,1,32,2002,1,6zMUIb4uce1CzpbjR3vMdN,0.665,0.695,0.0,-5.763,1.0,0.0532,0.347,0.0,0.106,0.707,90.119,audio_features,6zMUIb4uce1CzpbjR3vMdN,spotify:track:6zMUIb4uce1CzpbjR3vMdN,https://api.spotify.com/v1/tracks/6zMUIb4uce1CzpbjR3vMdN,https://api.spotify.com/v1/audio-analysis/6zMUIb4uce1CzpbjR3vMdN,227387.0,4.0,
47,47,303,2002,50,How You Remind Me,Nickelback,45.0,1,49,2002,1,0gmbgwZ8iqyMPmXefof8Yf,0.446,0.764,10.0,-5.042,1.0,0.033,0.00135,0.0,0.099,0.543,172.094,audio_features,0gmbgwZ8iqyMPmXefof8Yf,spotify:track:0gmbgwZ8iqyMPmXefof8Yf,https://api.spotify.com/v1/tracks/0gmbgwZ8iqyMPmXefof8Yf,https://api.spotify.com/v1/audio-analysis/0gmbgwZ8iqyMPmXefof8Yf,223840.0,4.0,
48,48,307,2002,46,Family Affair,Mary J. Blige,47.0,1,41,2002,1,3aw9iWUQ3VrPQltgwvN9Xu,0.911,0.551,8.0,-3.75,0.0,0.0449,0.132,4.12e-05,0.0863,0.969,92.887,audio_features,3aw9iWUQ3VrPQltgwvN9Xu,spotify:track:3aw9iWUQ3VrPQltgwvN9Xu,https://api.spotify.com/v1/tracks/3aw9iWUQ3VrPQltgwvN9Xu,https://api.spotify.com/v1/audio-analysis/3aw9iWUQ3VrPQltgwvN9Xu,265867.0,4.0,
49,49,318,2001,50,Butterfly,Crazy Town,37.0,1,23,2001,1,2cYqizR4lgvp4Qu6IQ3qGN,0.763,0.628,11.0,-5.85,1.0,0.05,0.0531,0.0,0.114,0.193,140.958,audio_features,2cYqizR4lgvp4Qu6IQ3qGN,spotify:track:2cYqizR4lgvp4Qu6IQ3qGN,https://api.spotify.com/v1/tracks/2cYqizR4lgvp4Qu6IQ3qGN,https://api.spotify.com/v1/audio-analysis/2cYqizR4lgvp4Qu6IQ3qGN,190557.0,4.0,
50,50,319,2001,44,It Wasn't Me,"Shaggy Feat. Ricardo ""RikRok"" Ducent",33.0,1,25,2001,1,3WkibOpDF7cQ5xntM1epyf,0.853,0.606,0.0,-4.596,1.0,0.0713,0.0561,0.0,0.313,0.654,94.759,audio_features,3WkibOpDF7cQ5xntM1epyf,spotify:track:3WkibOpDF7cQ5xntM1epyf,https://api.spotify.com/v1/tracks/3WkibOpDF7cQ5xntM1epyf,https://api.spotify.com/v1/audio-analysis/3WkibOpDF7cQ5xntM1epyf,227600.0,4.0,
51,51,320,2001,41,With Arms Wide Open,Creed,37.0,1,47,2001,1,0eKyHwckh9vQb8ncZ2DXCs,0.41,0.539,0.0,-8.412,1.0,0.0302,0.00425,0.00089,0.117,0.141,138.852,audio_features,0eKyHwckh9vQb8ncZ2DXCs,spotify:track:0eKyHwckh9vQb8ncZ2DXCs,https://api.spotify.com/v1/tracks/0eKyHwckh9vQb8ncZ2DXCs,https://api.spotify.com/v1/audio-analysis/0eKyHwckh9vQb8ncZ2DXCs,274800.0,4.0,
52,52,333,2001,48,Bent,matchbox twenty,38.0,1,39,2001,1,6ulEymrJ2Azx1uo3YHSE5w,0.862,0.621,2.0,-7.423,1.0,0.283,0.379,0.0,0.415,0.239,124.081,audio_features,6ulEymrJ2Azx1uo3YHSE5w,spotify:track:6ulEymrJ2Azx1uo3YHSE5w,https://api.spotify.com/v1/tracks/6ulEymrJ2Azx1uo3YHSE5w,https://api.spotify.com/v1/audio-analysis/6ulEymrJ2Azx1uo3YHSE5w,170268.0,4.0,
53,53,337,2000,46,Incomplete,Sisqo,32.0,1,26,2000,1,3w8Mw9GHYepoTWOSdiyosj,0.746,0.443,1.0,-7.693,0.0,0.0771,0.282,0.0,0.14,0.272,119.311,audio_features,3w8Mw9GHYepoTWOSdiyosj,spotify:track:3w8Mw9GHYepoTWOSdiyosj,https://api.spotify.com/v1/tracks/3w8Mw9GHYepoTWOSdiyosj,https://api.spotify.com/v1/audio-analysis/3w8Mw9GHYepoTWOSdiyosj,274227.0,4.0,
54,54,338,2000,50,Everything You Want,Vertical Horizon,47.0,1,41,2000,1,4cKGldbhGJniI8BrB3K6tb,0.636,0.761,3.0,-6.389,0.0,0.0306,0.0517,0.0,0.0642,0.736,93.896,audio_features,4cKGldbhGJniI8BrB3K6tb,spotify:track:4cKGldbhGJniI8BrB3K6tb,https://api.spotify.com/v1/tracks/4cKGldbhGJniI8BrB3K6tb,https://api.spotify.com/v1/audio-analysis/4cKGldbhGJniI8BrB3K6tb,257067.0,4.0,
55,55,339,2000,43,Try Again,Aaliyah,36.0,1,32,2000,1,4Sav8RLaXMBpTZX6xNPj0K,0.435,0.352,2.0,-7.815,0.0,0.0371,0.814,0.0,0.247,0.345,85.82,audio_features,4Sav8RLaXMBpTZX6xNPj0K,spotify:track:4Sav8RLaXMBpTZX6xNPj0K,https://api.spotify.com/v1/tracks/4Sav8RLaXMBpTZX6xNPj0K,https://api.spotify.com/v1/audio-analysis/4Sav8RLaXMBpTZX6xNPj0K,178233.0,3.0,
56,56,340,2000,48,It's Gonna Be Me,'N Sync,38.0,1,25,2000,1,2AW37v0bDyuOzGP3XnmFuA,0.636,0.873,0.0,-4.672,0.0,0.071,0.0407,1.27e-06,0.0372,0.908,165.071,audio_features,2AW37v0bDyuOzGP3XnmFuA,spotify:track:2AW37v0bDyuOzGP3XnmFuA,https://api.spotify.com/v1/tracks/2AW37v0bDyuOzGP3XnmFuA,https://api.spotify.com/v1/audio-analysis/2AW37v0bDyuOzGP3XnmFuA,192427.0,4.0,
57,57,342,2000,50,Amazed,Lonestar,45.0,1,55,2000,1,6qc34bnVOyqGDPni8H5W0U,0.561,0.543,1.0,-8.498,1.0,0.0324,0.26,0.0,0.124,0.243,139.803,audio_features,6qc34bnVOyqGDPni8H5W0U,spotify:track:6qc34bnVOyqGDPni8H5W0U,https://api.spotify.com/v1/tracks/6qc34bnVOyqGDPni8H5W0U,https://api.spotify.com/v1/audio-analysis/6qc34bnVOyqGDPni8H5W0U,240867.0,4.0,
58,58,354,1999,50,If You Had My Love,Jennifer Lopez,46.0,1,25,1999,1,3x4yV0hW5Ve3TKhFkXSqFn,0.68,0.625,11.0,-7.0,0.0,0.0353,0.0645,5.81e-05,0.109,0.814,94.02,audio_features,3x4yV0hW5Ve3TKhFkXSqFn,spotify:track:3x4yV0hW5Ve3TKhFkXSqFn,https://api.spotify.com/v1/tracks/3x4yV0hW5Ve3TKhFkXSqFn,https://api.spotify.com/v1/audio-analysis/3x4yV0hW5Ve3TKhFkXSqFn,266000.0,4.0,
59,59,356,1999,55,Livin' La Vida Loca,Ricky Martin,44.0,1,20,1999,1,0Ph6L4l8dYUuXFmb71Ajnd,0.425,0.954,1.0,-3.756,0.0,0.0476,0.00414,0.0,0.0555,0.933,178.043,audio_features,0Ph6L4l8dYUuXFmb71Ajnd,spotify:track:0Ph6L4l8dYUuXFmb71Ajnd,https://api.spotify.com/v1/tracks/0Ph6L4l8dYUuXFmb71Ajnd,https://api.spotify.com/v1/audio-analysis/0Ph6L4l8dYUuXFmb71Ajnd,243160.0,4.0,
60,60,363,1999,40,Have You Ever?,Brandy,39.0,1,22,1999,1,2LawezPeJhN4AWuSB0GtAU,0.741,0.697,0.0,-7.028,1.0,0.0277,0.0664,2.28e-05,0.133,0.774,116.109,audio_features,2LawezPeJhN4AWuSB0GtAU,spotify:track:2LawezPeJhN4AWuSB0GtAU,https://api.spotify.com/v1/tracks/2LawezPeJhN4AWuSB0GtAU,https://api.spotify.com/v1/audio-analysis/2LawezPeJhN4AWuSB0GtAU,160133.0,4.0,
61,61,365,1999,50,Doo Wop (That Thing),Lauryn Hill,47.0,1,21,1999,1,0uEp9E98JB5awlA084uaIg,0.535,0.505,2.0,-8.926,0.0,0.245,0.0393,0.0,0.0923,0.495,99.935,audio_features,0uEp9E98JB5awlA084uaIg,spotify:track:0uEp9E98JB5awlA084uaIg,https://api.spotify.com/v1/tracks/0uEp9E98JB5awlA084uaIg,https://api.spotify.com/v1/audio-analysis/0uEp9E98JB5awlA084uaIg,320267.0,4.0,
62,62,366,1999,49,Lately,Divine,41.0,1,27,1999,1,5uKeg9x7ykaz7xe13vL1hg,0.751,0.503,1.0,-10.419,0.0,0.0962,0.218,0.00486,0.136,0.17,100.016,audio_features,5uKeg9x7ykaz7xe13vL1hg,spotify:track:5uKeg9x7ykaz7xe13vL1hg,https://api.spotify.com/v1/tracks/5uKeg9x7ykaz7xe13vL1hg,https://api.spotify.com/v1/audio-analysis/5uKeg9x7ykaz7xe13vL1hg,77867.0,4.0,
63,63,367,1999,50,Too Close,Next,48.0,1,53,1999,1,7M6KOBCfPzWqbkiaXnm7bd,0.42,0.558,9.0,-5.728,1.0,0.0509,0.167,0.0,0.19,0.538,165.987,audio_features,7M6KOBCfPzWqbkiaXnm7bd,spotify:track:7M6KOBCfPzWqbkiaXnm7bd,https://api.spotify.com/v1/tracks/7M6KOBCfPzWqbkiaXnm7bd,https://api.spotify.com/v1/audio-analysis/7M6KOBCfPzWqbkiaXnm7bd,170576.0,4.0,
64,64,368,1999,69,One Week,Barenaked Ladies,63.0,1,20,1999,1,7CyPwkp0oE8Ro9Dd5CUDjW,0.522,0.641,8.0,-6.287,1.0,0.0318,0.0545,0.0,0.162,0.202,87.51,audio_features,7CyPwkp0oE8Ro9Dd5CUDjW,spotify:track:7CyPwkp0oE8Ro9Dd5CUDjW,https://api.spotify.com/v1/tracks/7CyPwkp0oE8Ro9Dd5CUDjW,https://api.spotify.com/v1/audio-analysis/7CyPwkp0oE8Ro9Dd5CUDjW,244685.0,4.0,
65,65,369,1999,67,I Don't Want To Miss A Thing,Aerosmith,77.0,1,20,1999,1,5qlJg0Wbj3sslxfwiaRNpq,0.39,0.649,2.0,-5.163,1.0,0.0345,0.172,0.0,0.216,0.144,121.161,audio_features,5qlJg0Wbj3sslxfwiaRNpq,spotify:track:5qlJg0Wbj3sslxfwiaRNpq,https://api.spotify.com/v1/tracks/5qlJg0Wbj3sslxfwiaRNpq,https://api.spotify.com/v1/audio-analysis/5qlJg0Wbj3sslxfwiaRNpq,299723.0,4.0,
66,66,372,1998,47,Gettin' Jiggy Wit It,Will Smith,44.0,1,32,1998,1,0weAUscowxeqDtpCgtbpgp,0.881,0.874,6.0,-4.505,1.0,0.139,0.0175,1.14e-06,0.154,0.858,107.891,audio_features,0weAUscowxeqDtpCgtbpgp,spotify:track:0weAUscowxeqDtpCgtbpgp,https://api.spotify.com/v1/tracks/0weAUscowxeqDtpCgtbpgp,https://api.spotify.com/v1/audio-analysis/0weAUscowxeqDtpCgtbpgp,227933.0,4.0,
67,67,387,1997,50,MMMBop,Hanson,43.0,1,22,1997,1,0lnxrQAd9ZxbhBBe7d8FO8,0.683,0.937,9.0,-6.335,1.0,0.0449,0.00481,0.0046,0.07,0.619,104.872,audio_features,0lnxrQAd9ZxbhBBe7d8FO8,spotify:track:0lnxrQAd9ZxbhBBe7d8FO8,https://api.spotify.com/v1/tracks/0lnxrQAd9ZxbhBBe7d8FO8,https://api.spotify.com/v1/audio-analysis/0lnxrQAd9ZxbhBBe7d8FO8,268653.0,4.0,
68,68,388,1997,80,Hypnotize,The Notorious B.I.G.,60.0,1,20,1997,1,7KwZNVEaqikRSBSpyhXK2j,0.901,0.697,9.0,-3.439,1.0,0.28,0.145,0.0,0.287,0.67,93.941,audio_features,7KwZNVEaqikRSBSpyhXK2j,spotify:track:7KwZNVEaqikRSBSpyhXK2j,https://api.spotify.com/v1/tracks/7KwZNVEaqikRSBSpyhXK2j,https://api.spotify.com/v1/audio-analysis/7KwZNVEaqikRSBSpyhXK2j,229827.0,4.0,
69,69,392,1997,45,Wannabe,Spice Girls,38.0,1,23,1997,1,1Je1IMUlBXcx1Fz0WE7oPT,0.768,0.864,11.0,-6.145,1.0,0.0324,0.101,0.0,0.162,0.891,110.008,audio_features,1Je1IMUlBXcx1Fz0WE7oPT,spotify:track:1Je1IMUlBXcx1Fz0WE7oPT,https://api.spotify.com/v1/tracks/1Je1IMUlBXcx1Fz0WE7oPT,https://api.spotify.com/v1/audio-analysis/1Je1IMUlBXcx1Fz0WE7oPT,173027.0,4.0,
70,70,394,1997,44,Macarena (Bayside Boys Mix),Los Del Rio,42.0,1,60,1997,1,0a3SUpxyMCdPy6mrFH4YJF,0.766,0.74,1.0,-8.581,1.0,0.0417,0.0185,0.695,0.0576,0.902,112.979,audio_features,0a3SUpxyMCdPy6mrFH4YJF,spotify:track:0a3SUpxyMCdPy6mrFH4YJF,https://api.spotify.com/v1/tracks/0a3SUpxyMCdPy6mrFH4YJF,https://api.spotify.com/v1/audio-analysis/0a3SUpxyMCdPy6mrFH4YJF,204425.0,4.0,
71,71,396,1996,58,Tha Crossroads,Bone Thugs-N-Harmony,57.0,1,20,1996,1,5KSJ9k1FYjFLnIRlJT2wF8,0.679,0.509,4.0,-7.31,1.0,0.0617,0.0856,0.0,0.438,0.534,144.29,audio_features,5KSJ9k1FYjFLnIRlJT2wF8,spotify:track:5KSJ9k1FYjFLnIRlJT2wF8,https://api.spotify.com/v1/tracks/5KSJ9k1FYjFLnIRlJT2wF8,https://api.spotify.com/v1/audio-analysis/5KSJ9k1FYjFLnIRlJT2wF8,223547.0,4.0,
72,72,399,1996,48,Kiss From A Rose,Seal,44.0,1,36,1996,1,3YKptz29AsOlm7WAVnztBh,0.584,0.533,10.0,-7.11,0.0,0.0305,0.684,0.0,0.306,0.224,131.745,audio_features,3YKptz29AsOlm7WAVnztBh,spotify:track:3YKptz29AsOlm7WAVnztBh,https://api.spotify.com/v1/tracks/3YKptz29AsOlm7WAVnztBh,https://api.spotify.com/v1/audio-analysis/3YKptz29AsOlm7WAVnztBh,288427.0,3.0,
73,73,403,1995,48,This Is How We Do It,Montell Jordan,49.0,1,29,1995,1,6uQKuonTU8VKBz5SHZuQXD,0.799,0.623,0.0,-9.374,1.0,0.0812,0.0141,0.0,0.43,0.773,103.649,audio_features,6uQKuonTU8VKBz5SHZuQXD,spotify:track:6uQKuonTU8VKBz5SHZuQXD,https://api.spotify.com/v1/tracks/6uQKuonTU8VKBz5SHZuQXD,https://api.spotify.com/v1/audio-analysis/6uQKuonTU8VKBz5SHZuQXD,238800.0,4.0,
74,75,406,1994,50,I Swear,All-4-One,47.0,1,30,1994,1,1lbjDy6IIerHFGZWKG0hno,0.13,0.0986,6.0,-25.793,0.0,0.0402,0.958,0.785,0.13,0.0904,87.797,audio_features,1lbjDy6IIerHFGZWKG0hno,spotify:track:1lbjDy6IIerHFGZWKG0hno,https://api.spotify.com/v1/tracks/1lbjDy6IIerHFGZWKG0hno,https://api.spotify.com/v1/audio-analysis/1lbjDy6IIerHFGZWKG0hno,740011.0,3.0,
75,76,407,1994,50,The Sign,Ace Of Base,47.0,1,41,1994,1,5Ohxk2dO5COHF1krpoPigN,0.516,0.595,5.0,-4.63,1.0,0.0313,0.0275,0.0,0.109,0.222,119.972,audio_features,5Ohxk2dO5COHF1krpoPigN,spotify:track:5Ohxk2dO5COHF1krpoPigN,https://api.spotify.com/v1/tracks/5Ohxk2dO5COHF1krpoPigN,https://api.spotify.com/v1/audio-analysis/5Ohxk2dO5COHF1krpoPigN,340707.0,4.0,
76,77,408,1994,38,Bump N' Grind,R. Kelly,40.0,1,25,1994,1,0DBIL8arX0Zo6eAuxNIpik,0.621,0.481,11.0,-8.016,1.0,0.0371,0.0984,0.0,0.241,0.679,65.004,audio_features,0DBIL8arX0Zo6eAuxNIpik,spotify:track:0DBIL8arX0Zo6eAuxNIpik,https://api.spotify.com/v1/tracks/0DBIL8arX0Zo6eAuxNIpik,https://api.spotify.com/v1/audio-analysis/0DBIL8arX0Zo6eAuxNIpik,256133.0,4.0,
77,78,417,1994,50,I'd Do Anything For Love (But I Won't Do That),Meat Loaf,45.0,1,22,1994,1,57udlq7E7Fg0NWMkJAexP9,0.238,0.791,10.0,-4.311,1.0,0.0399,0.109,0.0,0.325,0.25,153.931,audio_features,57udlq7E7Fg0NWMkJAexP9,spotify:track:57udlq7E7Fg0NWMkJAexP9,https://api.spotify.com/v1/tracks/57udlq7E7Fg0NWMkJAexP9,https://api.spotify.com/v1/audio-analysis/57udlq7E7Fg0NWMkJAexP9,202013.0,4.0,
78,79,420,1993,46,Weak,SWV,46.0,1,26,1993,1,71EHOyEOhNx1SzTebRRyng,0.693,0.533,2.0,-10.954,0.0,0.0402,0.107,0.0,0.0695,0.568,127.661,audio_features,71EHOyEOhNx1SzTebRRyng,spotify:track:71EHOyEOhNx1SzTebRRyng,https://api.spotify.com/v1/tracks/71EHOyEOhNx1SzTebRRyng,https://api.spotify.com/v1/audio-analysis/71EHOyEOhNx1SzTebRRyng,291907.0,4.0,
79,80,421,1993,47,Freak Me,Silk,34.0,1,24,1993,1,0AluA5RNsa4Cx6XRhf2hWZ,0.81,0.353,6.0,-9.931,0.0,0.31,0.588,0.0,0.102,0.0727,88.031,audio_features,0AluA5RNsa4Cx6XRhf2hWZ,spotify:track:0AluA5RNsa4Cx6XRhf2hWZ,https://api.spotify.com/v1/tracks/0AluA5RNsa4Cx6XRhf2hWZ,https://api.spotify.com/v1/audio-analysis/0AluA5RNsa4Cx6XRhf2hWZ,208293.0,4.0,
80,81,422,1993,52,Informer,Snow,41.0,1,25,1993,1,2LjiPAQOVazT8sRyXL3XRs,0.763,0.742,6.0,-10.975,0.0,0.188,0.0984,0.0,0.38,0.483,98.145,audio_features,2LjiPAQOVazT8sRyXL3XRs,spotify:track:2LjiPAQOVazT8sRyXL3XRs,https://api.spotify.com/v1/tracks/2LjiPAQOVazT8sRyXL3XRs,https://api.spotify.com/v1/audio-analysis/2LjiPAQOVazT8sRyXL3XRs,268910.0,4.0,
81,82,424,1993,75,How Do You Talk To An Angel,The Heights,69.0,1,20,1993,1,2QVHmiFTjFsHyxONRdbkcq,0.404,0.51,9.0,-11.353,1.0,0.0321,0.281,6.32e-06,0.0789,0.526,80.643,audio_features,2QVHmiFTjFsHyxONRdbkcq,spotify:track:2QVHmiFTjFsHyxONRdbkcq,https://api.spotify.com/v1/tracks/2QVHmiFTjFsHyxONRdbkcq,https://api.spotify.com/v1/audio-analysis/2QVHmiFTjFsHyxONRdbkcq,227267.0,4.0,
82,83,425,1992,41,Baby Got Back,Sir Mix-A-Lot,32.0,1,28,1992,1,1SAkL1mYNJlaqnBQxVZrRl,0.926,0.669,1.0,-11.271,1.0,0.301,0.0051,0.0,0.0887,0.642,128.462,audio_features,1SAkL1mYNJlaqnBQxVZrRl,spotify:track:1SAkL1mYNJlaqnBQxVZrRl,https://api.spotify.com/v1/tracks/1SAkL1mYNJlaqnBQxVZrRl,https://api.spotify.com/v1/audio-analysis/1SAkL1mYNJlaqnBQxVZrRl,262827.0,4.0,
83,84,426,1992,46,Jump,Kris Kross,42.0,1,21,1992,1,7N3PAbqfTjSEU1edb2tY8j,0.572,0.835,0.0,-6.219,1.0,0.0317,0.171,0.000377,0.0702,0.795,129.981,audio_features,7N3PAbqfTjSEU1edb2tY8j,spotify:track:7N3PAbqfTjSEU1edb2tY8j,https://api.spotify.com/v1/tracks/7N3PAbqfTjSEU1edb2tY8j,https://api.spotify.com/v1/audio-analysis/7N3PAbqfTjSEU1edb2tY8j,241600.0,4.0,
84,84,426,1992,46,Jump,Kris Kross,42.0,1,21,1992,1,7N3PAbqfTjSEU1edb2tY8j,0.572,0.835,0.0,-6.219,1.0,0.0317,0.171,0.000377,0.0702,0.795,129.981,audio_features,7N3PAbqfTjSEU1edb2tY8j,spotify:track:7N3PAbqfTjSEU1edb2tY8j,https://api.spotify.com/v1/tracks/7N3PAbqfTjSEU1edb2tY8j,https://api.spotify.com/v1/audio-analysis/7N3PAbqfTjSEU1edb2tY8j,241600.0,4.0,
85,164,625,1984,100,Jump,Van Halen,89.0,1,21,1984,1,7N3PAbqfTjSEU1edb2tY8j,0.572,0.835,0.0,-6.219,1.0,0.0317,0.171,0.000377,0.0702,0.795,129.981,audio_features,7N3PAbqfTjSEU1edb2tY8j,spotify:track:7N3PAbqfTjSEU1edb2tY8j,https://api.spotify.com/v1/tracks/7N3PAbqfTjSEU1edb2tY8j,https://api.spotify.com/v1/audio-analysis/7N3PAbqfTjSEU1edb2tY8j,241600.0,4.0,
86,164,625,1984,100,Jump,Van Halen,89.0,1,21,1984,1,7N3PAbqfTjSEU1edb2tY8j,0.572,0.835,0.0,-6.219,1.0,0.0317,0.171,0.000377,0.0702,0.795,129.981,audio_features,7N3PAbqfTjSEU1edb2tY8j,spotify:track:7N3PAbqfTjSEU1edb2tY8j,https://api.spotify.com/v1/tracks/7N3PAbqfTjSEU1edb2tY8j,https://api.spotify.com/v1/audio-analysis/7N3PAbqfTjSEU1edb2tY8j,241600.0,4.0,
87,85,427,1992,47,Save The Best For Last,Vanessa Williams,43.0,1,27,1992,1,7okbmgA8lRBGl5limZ7LFM,0.528,0.234,3.0,-15.784,1.0,0.0283,0.641,0.0,0.183,0.191,95.911,audio_features,7okbmgA8lRBGl5limZ7LFM,spotify:track:7okbmgA8lRBGl5limZ7LFM,https://api.spotify.com/v1/tracks/7okbmgA8lRBGl5limZ7LFM,https://api.spotify.com/v1/audio-analysis/7okbmgA8lRBGl5limZ7LFM,218733.0,4.0,
88,86,428,1992,48,To Be With You,Mr. Big,43.0,1,24,1992,1,0eifvmNPHWaSh4IKNR4Xva,0.688,0.284,4.0,-13.577,1.0,0.0574,0.359,0.0,0.127,0.482,83.433,audio_features,0eifvmNPHWaSh4IKNR4Xva,spotify:track:0eifvmNPHWaSh4IKNR4Xva,https://api.spotify.com/v1/tracks/0eifvmNPHWaSh4IKNR4Xva,https://api.spotify.com/v1/audio-analysis/0eifvmNPHWaSh4IKNR4Xva,208080.0,4.0,
89,87,431,1992,35,I'm Too Sexy,Right Said Fred,25.0,1,21,1992,1,3qEODCkVZpKfTqbNsorj8j,0.622,0.867,0.0,-9.157,0.0,0.0508,0.00465,0.00274,0.0809,0.87,132.022,audio_features,3qEODCkVZpKfTqbNsorj8j,spotify:track:3qEODCkVZpKfTqbNsorj8j,https://api.spotify.com/v1/tracks/3qEODCkVZpKfTqbNsorj8j,https://api.spotify.com/v1/audio-analysis/3qEODCkVZpKfTqbNsorj8j,282947.0,4.0,
90,88,433,1992,51,Set Adrift On Memory Bliss,P.M. Dawn,40.0,1,20,1992,1,0qiF6U6WT4nGQTQnhU1chs,0.795,0.705,5.0,-8.552,0.0,0.0715,0.00118,0.00658,0.136,0.482,100.025,audio_features,0qiF6U6WT4nGQTQnhU1chs,spotify:track:0qiF6U6WT4nGQTQnhU1chs,https://api.spotify.com/v1/tracks/0qiF6U6WT4nGQTQnhU1chs,https://api.spotify.com/v1/audio-analysis/0qiF6U6WT4nGQTQnhU1chs,235800.0,4.0,
91,89,436,1992,67,Cream,Prince And The N.P.G.,60.0,1,20,1992,1,03ThZweiBWFP8tOGsk6QMO,0.867,0.774,11.0,-5.791,0.0,0.315,0.11,0.0,0.157,0.549,130.007,audio_features,03ThZweiBWFP8tOGsk6QMO,spotify:track:03ThZweiBWFP8tOGsk6QMO,https://api.spotify.com/v1/tracks/03ThZweiBWFP8tOGsk6QMO,https://api.spotify.com/v1/audio-analysis/03ThZweiBWFP8tOGsk6QMO,142498.0,4.0,
92,90,437,1991,29,Romantic,Karyn White,29.0,1,20,1991,1,1xK59OXxi2TAAAbmZK0kBL,0.571,0.544,6.0,-10.613,1.0,0.0299,0.453,0.00805,0.322,0.216,132.052,audio_features,1xK59OXxi2TAAAbmZK0kBL,spotify:track:1xK59OXxi2TAAAbmZK0kBL,https://api.spotify.com/v1/tracks/1xK59OXxi2TAAAbmZK0kBL,https://api.spotify.com/v1/audio-analysis/1xK59OXxi2TAAAbmZK0kBL,132631.0,4.0,
93,91,444,1991,94,Unbelievable,EMF,81.0,1,23,1991,1,5VYTKiOnHw4iTrB9pG3yum,0.636,0.848,1.0,-6.854,1.0,0.0362,0.000339,0.0402,0.141,0.934,104.073,audio_features,5VYTKiOnHw4iTrB9pG3yum,spotify:track:5VYTKiOnHw4iTrB9pG3yum,https://api.spotify.com/v1/tracks/5VYTKiOnHw4iTrB9pG3yum,https://api.spotify.com/v1/audio-analysis/5VYTKiOnHw4iTrB9pG3yum,209813.0,4.0,
94,92,445,1991,88,More Than Words,Extreme,70.0,1,24,1991,1,1gVgkQFOKa8Wc1HYsJtPdH,0.626,0.134,6.0,-14.898,1.0,0.0298,0.467,0.0,0.113,0.239,91.893,audio_features,1gVgkQFOKa8Wc1HYsJtPdH,spotify:track:1gVgkQFOKa8Wc1HYsJtPdH,https://api.spotify.com/v1/tracks/1gVgkQFOKa8Wc1HYsJtPdH,https://api.spotify.com/v1/audio-analysis/1gVgkQFOKa8Wc1HYsJtPdH,334107.0,4.0,
95,93,446,1991,91,I Like The Way (The Kissing Game),Hi-Five,67.0,1,23,1991,1,0u16RbrSY7DWF3WAr0aaZ3,0.723,0.498,1.0,-10.53,1.0,0.0319,0.102,0.0278,0.0305,0.712,104.085,audio_features,0u16RbrSY7DWF3WAr0aaZ3,spotify:track:0u16RbrSY7DWF3WAr0aaZ3,https://api.spotify.com/v1/tracks/0u16RbrSY7DWF3WAr0aaZ3,https://api.spotify.com/v1/audio-analysis/0u16RbrSY7DWF3WAr0aaZ3,348773.0,4.0,
96,94,447,1991,93,Baby Baby,Amy Grant,70.0,1,21,1991,1,0zirWZTcXBBwGsevrsIpvT,0.0,0.00832,7.0,-26.712,1.0,0.0,0.917,1.0,0.111,0.0,0.0,audio_features,0zirWZTcXBBwGsevrsIpvT,spotify:track:0zirWZTcXBBwGsevrsIpvT,https://api.spotify.com/v1/tracks/0zirWZTcXBBwGsevrsIpvT,https://api.spotify.com/v1/audio-analysis/0zirWZTcXBBwGsevrsIpvT,142222.0,0.0,
97,95,452,1991,90,I've Been Thinking About You,Londonbeat,67.0,1,19,1991,1,0ljyDzqD8DEro3JIrF0Zxb,0.689,0.711,10.0,-6.344,0.0,0.0375,0.0263,0.00764,0.0368,0.632,113.657,audio_features,0ljyDzqD8DEro3JIrF0Zxb,spotify:track:0ljyDzqD8DEro3JIrF0Zxb,https://api.spotify.com/v1/tracks/0ljyDzqD8DEro3JIrF0Zxb,https://api.spotify.com/v1/audio-analysis/0ljyDzqD8DEro3JIrF0Zxb,188908.0,4.0,
98,96,456,1991,97,One More Try,Timmy T.,86.0,1,25,1991,1,5932kbyNt445gDTT2chRUS,0.551,0.291,5.0,-12.544,1.0,0.0283,0.434,3.78e-05,0.11,0.0823,119.005,audio_features,5932kbyNt445gDTT2chRUS,spotify:track:5932kbyNt445gDTT2chRUS,https://api.spotify.com/v1/tracks/5932kbyNt445gDTT2chRUS,https://api.spotify.com/v1/audio-analysis/5932kbyNt445gDTT2chRUS,350667.0,3.0,
99,97,459,1991,97,Gonna Make You Sweat (Everybody Dance Now),C+C Music Factory,82.0,1,25,1991,1,7eheoW4hxrH51ww2QePVwF,0.557,0.798,6.0,-7.405,1.0,0.0935,0.000851,0.675,0.183,0.794,112.187,audio_features,7eheoW4hxrH51ww2QePVwF,spotify:track:7eheoW4hxrH51ww2QePVwF,https://api.spotify.com/v1/tracks/7eheoW4hxrH51ww2QePVwF,https://api.spotify.com/v1/audio-analysis/7eheoW4hxrH51ww2QePVwF,244093.0,4.0,
100,98,460,1991,100,The First Time,Surface,88.0,1,25,1991,1,2R4AlwtrrkMaRKojcTIzmL,0.551,0.529,5.0,-10.469,0.0,0.0517,0.296,0.0093,0.178,0.521,75.515,audio_features,2R4AlwtrrkMaRKojcTIzmL,spotify:track:2R4AlwtrrkMaRKojcTIzmL,https://api.spotify.com/v1/tracks/2R4AlwtrrkMaRKojcTIzmL,https://api.spotify.com/v1/audio-analysis/2R4AlwtrrkMaRKojcTIzmL,182307.0,4.0,
101,99,461,1991,93,Because I Love You (The Postman Song),Stevie B,83.0,1,23,1991,1,6GWAYg3cZzizs3FAJzdydD,0.22,0.339,1.0,-8.082,1.0,0.037,0.812,0.0,0.139,0.0887,61.764,audio_features,6GWAYg3cZzizs3FAJzdydD,spotify:track:6GWAYg3cZzizs3FAJzdydD,https://api.spotify.com/v1/tracks/6GWAYg3cZzizs3FAJzdydD,https://api.spotify.com/v1/audio-analysis/6GWAYg3cZzizs3FAJzdydD,306829.0,4.0,
102,100,462,1991,91,Ice Ice Baby,Vanilla Ice,77.0,1,21,1991,1,3XVozq1aeqsJwpXrEZrDJ9,0.979,0.792,2.0,-2.784,1.0,0.0388,0.0025,7.71e-06,0.102,0.583,116.012,audio_features,3XVozq1aeqsJwpXrEZrDJ9,spotify:track:3XVozq1aeqsJwpXrEZrDJ9,https://api.spotify.com/v1/tracks/3XVozq1aeqsJwpXrEZrDJ9,https://api.spotify.com/v1/audio-analysis/3XVozq1aeqsJwpXrEZrDJ9,254467.0,4.0,
103,101,463,1991,99,I Don't Have The Heart,James Ingram,91.0,1,26,1991,1,5In7xBveNACCRX2uWNoPuW,0.487,0.423,2.0,-8.181,1.0,0.0243,0.658,0.0,0.109,0.334,88.883,audio_features,5In7xBveNACCRX2uWNoPuW,spotify:track:5In7xBveNACCRX2uWNoPuW,https://api.spotify.com/v1/tracks/5In7xBveNACCRX2uWNoPuW,https://api.spotify.com/v1/audio-analysis/5In7xBveNACCRX2uWNoPuW,253507.0,4.0,
104,102,464,1991,95,Close To You,Maxi Priest,77.0,1,30,1991,1,06Qo2fYR2KS1F7bL338iVT,0.781,0.655,2.0,-7.073,0.0,0.0457,0.114,0.00249,0.103,0.493,113.031,audio_features,06Qo2fYR2KS1F7bL338iVT,spotify:track:06Qo2fYR2KS1F7bL338iVT,https://api.spotify.com/v1/tracks/06Qo2fYR2KS1F7bL338iVT,https://api.spotify.com/v1/audio-analysis/06Qo2fYR2KS1F7bL338iVT,170995.0,4.0,
105,105,467,1990,91,If Wishes Came True,Sweet Sensation,80.0,1,20,1990,1,5gAdATsfINRIljv4LbrKX2,0.493,0.453,3.0,-10.878,1.0,0.0248,0.0944,0.00467,0.1,0.188,143.725,audio_features,5gAdATsfINRIljv4LbrKX2,spotify:track:5gAdATsfINRIljv4LbrKX2,https://api.spotify.com/v1/tracks/5gAdATsfINRIljv4LbrKX2,https://api.spotify.com/v1/audio-analysis/5gAdATsfINRIljv4LbrKX2,315160.0,4.0,
106,106,472,1990,97,Nothing Compares 2 U,Sinead O'Connor,72.0,1,21,1990,1,5GHY1DFWKz3Prg2V0Iodqo,0.512,0.574,5.0,-7.016,1.0,0.0273,0.0425,2.31e-05,0.105,0.161,119.917,audio_features,5GHY1DFWKz3Prg2V0Iodqo,spotify:track:5GHY1DFWKz3Prg2V0Iodqo,https://api.spotify.com/v1/tracks/5GHY1DFWKz3Prg2V0Iodqo,https://api.spotify.com/v1/audio-analysis/5GHY1DFWKz3Prg2V0Iodqo,280040.0,4.0,
107,107,473,1990,90,Black Velvet,Alannah Myles,71.0,1,24,1990,1,1KU5EHSz04JhGg3rReGJ0N,0.754,0.366,8.0,-10.07,1.0,0.0312,0.273,9.04e-05,0.106,0.469,91.147,audio_features,1KU5EHSz04JhGg3rReGJ0N,spotify:track:1KU5EHSz04JhGg3rReGJ0N,https://api.spotify.com/v1/tracks/1KU5EHSz04JhGg3rReGJ0N,https://api.spotify.com/v1/audio-analysis/1KU5EHSz04JhGg3rReGJ0N,287440.0,4.0,
108,109,475,1990,87,Love Will Lead You Back,Taylor Dayne,83.0,1,20,1990,1,3HLgjHYaEhKFvV4SSvI9Te,0.547,0.513,1.0,-7.006,1.0,0.0267,0.201,0.0,0.0866,0.2,73.214,audio_features,3HLgjHYaEhKFvV4SSvI9Te,spotify:track:3HLgjHYaEhKFvV4SSvI9Te,https://api.spotify.com/v1/tracks/3HLgjHYaEhKFvV4SSvI9Te,https://api.spotify.com/v1/audio-analysis/3HLgjHYaEhKFvV4SSvI9Te,277600.0,4.0,
109,110,476,1990,95,Opposites Attract,Paula Abdul (Duet With The Wild Pair),92.0,1,23,1990,1,7z38bideBRvGAgjXe2SECm,0.783,0.842,1.0,-8.838,1.0,0.054,0.0337,2.57e-06,0.0519,0.933,117.79,audio_features,7z38bideBRvGAgjXe2SECm,spotify:track:7z38bideBRvGAgjXe2SECm,https://api.spotify.com/v1/tracks/7z38bideBRvGAgjXe2SECm,https://api.spotify.com/v1/audio-analysis/7z38bideBRvGAgjXe2SECm,265373.0,4.0,
110,111,489,1990,85,When I See You Smile,Bad English,79.0,1,22,1990,1,0tKjVEJlX3IZ5L1rEJc5hh,0.495,0.609,7.0,-9.902,1.0,0.0339,0.42,0.0,0.187,0.33,135.671,audio_features,0tKjVEJlX3IZ5L1rEJc5hh,spotify:track:0tKjVEJlX3IZ5L1rEJc5hh,https://api.spotify.com/v1/tracks/0tKjVEJlX3IZ5L1rEJc5hh,https://api.spotify.com/v1/audio-analysis/0tKjVEJlX3IZ5L1rEJc5hh,257440.0,4.0,
111,112,493,1989,85,Toy Soldiers,Martika,76.0,1,20,1989,1,6CN3e26iQSj1N5lomh0mfO,0.52,0.768,8.0,-3.489,0.0,0.359,0.0193,0.00034,0.104,0.398,79.178,audio_features,6CN3e26iQSj1N5lomh0mfO,spotify:track:6CN3e26iQSj1N5lomh0mfO,https://api.spotify.com/v1/tracks/6CN3e26iQSj1N5lomh0mfO,https://api.spotify.com/v1/audio-analysis/6CN3e26iQSj1N5lomh0mfO,296880.0,4.0,
112,115,504,1989,100,The Living Years,Mike + The Mechanics,69.0,1,20,1989,1,7tJnjRY2js0yXtNUWE4fgF,0.518,0.417,8.0,-13.268,1.0,0.0325,0.58,0.0,0.0722,0.311,97.63,audio_features,7tJnjRY2js0yXtNUWE4fgF,spotify:track:7tJnjRY2js0yXtNUWE4fgF,https://api.spotify.com/v1/tracks/7tJnjRY2js0yXtNUWE4fgF,https://api.spotify.com/v1/audio-analysis/7tJnjRY2js0yXtNUWE4fgF,330267.0,4.0,
113,116,505,1989,84,When I'm With You,Sheriff,76.0,1,28,1989,1,6yJmxPGazR55GAQdyHPf6q,0.307,0.623,5.0,-5.612,1.0,0.0287,0.00015,0.0,0.0913,0.346,168.904,audio_features,6yJmxPGazR55GAQdyHPf6q,spotify:track:6yJmxPGazR55GAQdyHPf6q,https://api.spotify.com/v1/tracks/6yJmxPGazR55GAQdyHPf6q,https://api.spotify.com/v1/audio-analysis/6yJmxPGazR55GAQdyHPf6q,174147.0,4.0,
114,117,506,1989,97,My Prerogative,Bobby Brown,87.0,1,24,1989,1,0v9kGNjkKdQUdDoBIuiph4,0.762,0.625,9.0,-10.481,1.0,0.0562,0.0655,0.0,0.252,0.696,110.163,audio_features,0v9kGNjkKdQUdDoBIuiph4,spotify:track:0v9kGNjkKdQUdDoBIuiph4,https://api.spotify.com/v1/tracks/0v9kGNjkKdQUdDoBIuiph4,https://api.spotify.com/v1/audio-analysis/0v9kGNjkKdQUdDoBIuiph4,291560.0,4.0,
115,118,507,1989,96,Every Rose Has Its Thorn,Poison,75.0,1,21,1989,1,43GS3mtezoIFiuIZCLLiDY,0.533,0.637,6.0,-5.571,1.0,0.0323,0.16,1.12e-05,0.369,0.292,140.167,audio_features,43GS3mtezoIFiuIZCLLiDY,spotify:track:43GS3mtezoIFiuIZCLLiDY,https://api.spotify.com/v1/tracks/43GS3mtezoIFiuIZCLLiDY,https://api.spotify.com/v1/audio-analysis/43GS3mtezoIFiuIZCLLiDY,260173.0,4.0,
116,119,515,1989,90,"Wild, Wild West",The Escape Club,89.0,1,27,1989,1,7r6PigmGzlB3YPB7wvBBbi,0.654,0.75,8.0,-7.509,0.0,0.105,0.244,0.0178,0.167,0.557,92.773,audio_features,7r6PigmGzlB3YPB7wvBBbi,spotify:track:7r6PigmGzlB3YPB7wvBBbi,https://api.spotify.com/v1/tracks/7r6PigmGzlB3YPB7wvBBbi,https://api.spotify.com/v1/audio-analysis/7r6PigmGzlB3YPB7wvBBbi,272507.0,4.0,
117,120,516,1989,91,"Baby, I Love Your Way/Freebird Medley",Will To Power,87.0,1,24,1989,1,0vafgT4kyUWEYi4pXmsN1m,0.66,0.399,7.0,-11.004,1.0,0.0308,0.729,0.00851,0.178,0.542,152.854,audio_features,0vafgT4kyUWEYi4pXmsN1m,spotify:track:0vafgT4kyUWEYi4pXmsN1m,https://api.spotify.com/v1/tracks/0vafgT4kyUWEYi4pXmsN1m,https://api.spotify.com/v1/audio-analysis/0vafgT4kyUWEYi4pXmsN1m,238250.0,4.0,
118,122,518,1989,94,Love Bites,Def Leppard,94.0,1,23,1989,1,3Dfy8YIxq89i84t108TvMi,0.59,0.743,0.0,-7.078,0.0,0.0347,0.067,0.00093,0.0847,0.412,129.79,audio_features,3Dfy8YIxq89i84t108TvMi,spotify:track:3Dfy8YIxq89i84t108TvMi,https://api.spotify.com/v1/tracks/3Dfy8YIxq89i84t108TvMi,https://api.spotify.com/v1/audio-analysis/3Dfy8YIxq89i84t108TvMi,346960.0,4.0,
119,123,519,1988,93,Sweet Child O' Mine,Guns N' Roses,85.0,1,24,1988,1,7snQQk1zcKl8gZ92AnueZW,0.446,0.952,6.0,-5.321,1.0,0.0523,0.0901,0.0857,0.112,0.624,125.303,audio_features,7snQQk1zcKl8gZ92AnueZW,spotify:track:7snQQk1zcKl8gZ92AnueZW,https://api.spotify.com/v1/tracks/7snQQk1zcKl8gZ92AnueZW,https://api.spotify.com/v1/audio-analysis/7snQQk1zcKl8gZ92AnueZW,356067.0,4.0,
120,124,522,1988,98,The Flame,Cheap Trick,83.0,1,27,1988,1,0VO8gYVDSwM1Qdd2GsMoYK,0.553,0.659,8.0,-7.295,1.0,0.0391,0.0027,0.0,0.105,0.105,120.146,audio_features,0VO8gYVDSwM1Qdd2GsMoYK,spotify:track:0VO8gYVDSwM1Qdd2GsMoYK,https://api.spotify.com/v1/tracks/0VO8gYVDSwM1Qdd2GsMoYK,https://api.spotify.com/v1/audio-analysis/0VO8gYVDSwM1Qdd2GsMoYK,234000.0,4.0,
121,125,526,1988,83,Wishing Well,Terence Trent D'Arby,66.0,1,25,1988,1,2U5WueTLIK5WJLD7mvDODv,0.65,0.613,9.0,-6.13,0.0,0.128,0.00336,0.0,0.267,0.0804,149.972,audio_features,2U5WueTLIK5WJLD7mvDODv,spotify:track:2U5WueTLIK5WJLD7mvDODv,https://api.spotify.com/v1/tracks/2U5WueTLIK5WJLD7mvDODv,https://api.spotify.com/v1/audio-analysis/2U5WueTLIK5WJLD7mvDODv,194621.0,4.0,
122,126,530,1988,79,Need You Tonight,INXS,72.0,1,25,1988,1,5eU8qMd0TpaLqTGDZJaLDs,0.801,0.723,10.0,-4.985,0.0,0.0689,0.0713,0.154,0.0675,0.883,109.03,audio_features,5eU8qMd0TpaLqTGDZJaLDs,spotify:track:5eU8qMd0TpaLqTGDZJaLDs,https://api.spotify.com/v1/tracks/5eU8qMd0TpaLqTGDZJaLDs,https://api.spotify.com/v1/audio-analysis/5eU8qMd0TpaLqTGDZJaLDs,180518.0,4.0,
123,127,531,1988,97,Seasons Change,Expose,74.0,1,20,1988,1,1iGuSsBQT3JPnJtg0Advjz,0.0913,0.00671,4.0,-35.02,1.0,0.0459,0.961,0.821,0.101,0.0471,70.351,audio_features,1iGuSsBQT3JPnJtg0Advjz,spotify:track:1iGuSsBQT3JPnJtg0Advjz,https://api.spotify.com/v1/tracks/1iGuSsBQT3JPnJtg0Advjz,https://api.spotify.com/v1/audio-analysis/1iGuSsBQT3JPnJtg0Advjz,164823.0,3.0,
124,128,538,1988,97,Heaven Is A Place On Earth,Belinda Carlisle,79.0,1,21,1988,1,3EvpaRZkKWxsgDIO2zMH7g,0.605,0.902,4.0,-5.804,1.0,0.0385,0.0171,1.31e-06,0.124,0.692,122.866,audio_features,3EvpaRZkKWxsgDIO2zMH7g,spotify:track:3EvpaRZkKWxsgDIO2zMH7g,https://api.spotify.com/v1/tracks/3EvpaRZkKWxsgDIO2zMH7g,https://api.spotify.com/v1/audio-analysis/3EvpaRZkKWxsgDIO2zMH7g,233667.0,4.0,
125,129,539,1988,92,Mony Mony,Billy Idol,83.0,1,22,1988,1,2LbkpJUH052AvFcNIgjHTO,0.742,0.743,10.0,-6.293,0.0,0.0508,0.00935,0.0,0.22,0.485,135.012,audio_features,2LbkpJUH052AvFcNIgjHTO,spotify:track:2LbkpJUH052AvFcNIgjHTO,https://api.spotify.com/v1/tracks/2LbkpJUH052AvFcNIgjHTO,https://api.spotify.com/v1/audio-analysis/2LbkpJUH052AvFcNIgjHTO,301800.0,4.0,
126,130,540,1988,99,Here I Go Again,Whitesnake,98.0,1,28,1988,1,1qOU8KzFifXE9YrgjVwYvc,0.292,0.823,7.0,-6.763,1.0,0.0407,0.0117,7.79e-05,0.155,0.244,89.939,audio_features,1qOU8KzFifXE9YrgjVwYvc,spotify:track:1qOU8KzFifXE9YrgjVwYvc,https://api.spotify.com/v1/tracks/1qOU8KzFifXE9YrgjVwYvc,https://api.spotify.com/v1/audio-analysis/1qOU8KzFifXE9YrgjVwYvc,275395.0,4.0,
127,131,543,1987,99,La Bamba,Los Lobos,69.0,1,21,1987,1,2aEeghgUcnu75tzcolFMfs,0.516,0.809,0.0,-6.419,1.0,0.0545,0.787,0.000331,0.303,0.939,75.099,audio_features,2aEeghgUcnu75tzcolFMfs,spotify:track:2aEeghgUcnu75tzcolFMfs,https://api.spotify.com/v1/tracks/2aEeghgUcnu75tzcolFMfs,https://api.spotify.com/v1/audio-analysis/2aEeghgUcnu75tzcolFMfs,126960.0,4.0,
128,132,544,1987,99,I Just Can't Stop Loving You,Michael Jackson With Siedah Garrett,77.0,1,14,1987,1,2fytePz8UsbUr8n33QBEcm,0.657,0.467,5.0,-8.925,1.0,0.0341,0.667,1.92e-06,0.0295,0.276,100.139,audio_features,2fytePz8UsbUr8n33QBEcm,spotify:track:2fytePz8UsbUr8n33QBEcm,https://api.spotify.com/v1/tracks/2fytePz8UsbUr8n33QBEcm,https://api.spotify.com/v1/audio-analysis/2fytePz8UsbUr8n33QBEcm,251760.0,4.0,
129,134,550,1987,92,Always,Atlantic Starr,79.0,1,22,1987,1,2enPRFda84VE2wtI8c86Uf,0.174,0.742,8.0,-5.93,1.0,0.0485,0.00181,0.281,0.198,0.36,163.378,audio_features,2enPRFda84VE2wtI8c86Uf,spotify:track:2enPRFda84VE2wtI8c86Uf,https://api.spotify.com/v1/tracks/2enPRFda84VE2wtI8c86Uf,https://api.spotify.com/v1/audio-analysis/2enPRFda84VE2wtI8c86Uf,223747.0,4.0,
130,135,551,1987,96,You Keep Me Hangin' On,Kim Wilde,85.0,1,21,1987,1,4a01ClusxuZiloOK5UgLUn,0.682,0.612,8.0,-7.004,0.0,0.0381,0.284,0.0,0.0783,0.845,127.647,audio_features,4a01ClusxuZiloOK5UgLUn,spotify:track:4a01ClusxuZiloOK5UgLUn,https://api.spotify.com/v1/tracks/4a01ClusxuZiloOK5UgLUn,https://api.spotify.com/v1/audio-analysis/4a01ClusxuZiloOK5UgLUn,163280.0,4.0,
131,136,552,1987,87,(I Just) Died In Your Arms,Cutting Crew,69.0,1,19,1987,1,4ByEFOBuLXpCqvO1kw8Wdm,0.625,0.726,11.0,-11.402,0.0,0.0444,0.0158,0.000169,0.0625,0.507,124.945,audio_features,4ByEFOBuLXpCqvO1kw8Wdm,spotify:track:4ByEFOBuLXpCqvO1kw8Wdm,https://api.spotify.com/v1/tracks/4ByEFOBuLXpCqvO1kw8Wdm,https://api.spotify.com/v1/audio-analysis/4ByEFOBuLXpCqvO1kw8Wdm,280400.0,4.0,
132,137,557,1987,97,Lean On Me,Club Nouveau,73.0,1,17,1987,1,3M8FzayQWtkvOhqMn2V4T2,0.619,0.22,0.0,-13.843,1.0,0.0672,0.782,1.19e-05,0.124,0.426,75.143,audio_features,3M8FzayQWtkvOhqMn2V4T2,spotify:track:3M8FzayQWtkvOhqMn2V4T2,https://api.spotify.com/v1/tracks/3M8FzayQWtkvOhqMn2V4T2,https://api.spotify.com/v1/audio-analysis/3M8FzayQWtkvOhqMn2V4T2,258835.0,4.0,
133,138,562,1987,99,Shake You Down,Gregory Abbott,58.0,1,22,1987,1,1Hb1IJ9bBCa6wo3fRtexnJ,0.457,0.613,9.0,-5.756,1.0,0.0295,0.00463,0.000406,0.0711,0.132,105.111,audio_features,1Hb1IJ9bBCa6wo3fRtexnJ,spotify:track:1Hb1IJ9bBCa6wo3fRtexnJ,https://api.spotify.com/v1/tracks/1Hb1IJ9bBCa6wo3fRtexnJ,https://api.spotify.com/v1/audio-analysis/1Hb1IJ9bBCa6wo3fRtexnJ,211373.0,4.0,
134,139,564,1987,82,The Next Time I Fall,Peter Cetera With Amy Grant,58.0,1,21,1987,1,7zSDDsIlks515d0tZGM64x,0.645,0.431,8.0,-10.178,1.0,0.0272,0.438,0.000634,0.0709,0.336,118.223,audio_features,7zSDDsIlks515d0tZGM64x,spotify:track:7zSDDsIlks515d0tZGM64x,https://api.spotify.com/v1/tracks/7zSDDsIlks515d0tZGM64x,https://api.spotify.com/v1/audio-analysis/7zSDDsIlks515d0tZGM64x,226133.0,4.0,
135,140,567,1987,98,Amanda,Boston,77.0,1,18,1987,1,4gpext9x0CbdD9NWaa4nDj,0.449,0.424,7.0,-14.06,1.0,0.0323,0.32,1.69e-06,0.107,0.259,125.494,audio_features,4gpext9x0CbdD9NWaa4nDj,spotify:track:4gpext9x0CbdD9NWaa4nDj,https://api.spotify.com/v1/tracks/4gpext9x0CbdD9NWaa4nDj,https://api.spotify.com/v1/audio-analysis/4gpext9x0CbdD9NWaa4nDj,256200.0,4.0,
136,142,574,1986,99,Venus,Bananarama,68.0,1,19,1986,1,5fqjfiMOFapIb8uFcxBStH,0.433,0.0286,0.0,-17.597,1.0,0.0527,0.961,0.0102,0.0594,0.0764,110.908,audio_features,5fqjfiMOFapIb8uFcxBStH,spotify:track:5fqjfiMOFapIb8uFcxBStH,https://api.spotify.com/v1/tracks/5fqjfiMOFapIb8uFcxBStH,https://api.spotify.com/v1/audio-analysis/5fqjfiMOFapIb8uFcxBStH,281500.0,4.0,
137,144,576,1986,92,Sledgehammer,Peter Gabriel,77.0,1,21,1986,1,4AUS8KNz7zX8XFu9L38GT0,0.641,0.682,8.0,-7.561,1.0,0.0392,0.044,0.0,0.0394,0.468,96.319,audio_features,4AUS8KNz7zX8XFu9L38GT0,spotify:track:4AUS8KNz7zX8XFu9L38GT0,https://api.spotify.com/v1/tracks/4AUS8KNz7zX8XFu9L38GT0,https://api.spotify.com/v1/audio-analysis/4AUS8KNz7zX8XFu9L38GT0,311986.0,4.0,
138,145,577,1986,98,Invisible Touch,Genesis,79.0,1,17,1986,1,0xpBr84T3FTm9j4D1MdPtk,0.617,0.931,0.0,-6.845,1.0,0.0345,0.186,0.00166,0.171,0.849,131.014,audio_features,0xpBr84T3FTm9j4D1MdPtk,spotify:track:0xpBr84T3FTm9j4D1MdPtk,https://api.spotify.com/v1/tracks/0xpBr84T3FTm9j4D1MdPtk,https://api.spotify.com/v1/audio-analysis/0xpBr84T3FTm9j4D1MdPtk,208027.0,4.0,
139,146,579,1986,97,West End Girls,Pet Shop Boys,75.0,1,20,1986,1,2Di0qFNb7ATroCGB3q0Ka7,0.656,0.914,4.0,-7.471,0.0,0.0394,0.000943,0.0628,0.159,0.576,113.259,audio_features,2Di0qFNb7ATroCGB3q0Ka7,spotify:track:2Di0qFNb7ATroCGB3q0Ka7,https://api.spotify.com/v1/tracks/2Di0qFNb7ATroCGB3q0Ka7,https://api.spotify.com/v1/audio-analysis/2Di0qFNb7ATroCGB3q0Ka7,285907.0,4.0,
140,147,580,1986,99,Addicted To Love,Robert Palmer,61.0,1,22,1986,1,5izGeTxueiFX1UPFGohY9w,0.702,0.578,2.0,-13.415,1.0,0.031,0.382,5.89e-06,0.0425,0.975,111.617,audio_features,5izGeTxueiFX1UPFGohY9w,spotify:track:5izGeTxueiFX1UPFGohY9w,https://api.spotify.com/v1/tracks/5izGeTxueiFX1UPFGohY9w,https://api.spotify.com/v1/audio-analysis/5izGeTxueiFX1UPFGohY9w,363640.0,4.0,
141,148,581,1986,88,Rock Me Amadeus,Falco,45.0,1,17,1986,1,0DfG1ltJnZyq4Tx3ZLL7ZU,0.61,0.817,4.0,-9.45,0.0,0.133,0.296,0.00336,0.0884,0.89,176.735,audio_features,0DfG1ltJnZyq4Tx3ZLL7ZU,spotify:track:0DfG1ltJnZyq4Tx3ZLL7ZU,https://api.spotify.com/v1/tracks/0DfG1ltJnZyq4Tx3ZLL7ZU,https://api.spotify.com/v1/audio-analysis/0DfG1ltJnZyq4Tx3ZLL7ZU,202236.0,4.0,
142,149,589,1986,82,Separate Lives,Phil Collins and Marilyn Martin,65.0,1,21,1986,1,6DEFVerhYVJ6ZkPJiPl5Sm,0.32,0.308,4.0,-9.118,1.0,0.0318,0.237,0.0,0.319,0.193,93.173,audio_features,6DEFVerhYVJ6ZkPJiPl5Sm,spotify:track:6DEFVerhYVJ6ZkPJiPl5Sm,https://api.spotify.com/v1/tracks/6DEFVerhYVJ6ZkPJiPl5Sm,https://api.spotify.com/v1/audio-analysis/6DEFVerhYVJ6ZkPJiPl5Sm,248907.0,4.0,
143,150,590,1986,100,Miami Vice Theme,Jan Hammer,97.0,1,22,1986,1,1biP5gM7Le8S3E7GJEKgXC,0.571,0.924,7.0,-9.887,1.0,0.0385,0.547,0.896,0.432,0.854,115.431,audio_features,1biP5gM7Le8S3E7GJEKgXC,spotify:track:1biP5gM7Le8S3E7GJEKgXC,https://api.spotify.com/v1/tracks/1biP5gM7Le8S3E7GJEKgXC,https://api.spotify.com/v1/audio-analysis/1biP5gM7Le8S3E7GJEKgXC,147600.0,4.0,
144,151,598,1986,99,Take On Me,a-ha,97.0,1,27,1986,1,2WfaOiMkCvy7F5fcp2zZ8L,0.573,0.902,6.0,-7.638,0.0,0.054,0.018,0.00125,0.0928,0.876,84.412,audio_features,2WfaOiMkCvy7F5fcp2zZ8L,spotify:track:2WfaOiMkCvy7F5fcp2zZ8L,https://api.spotify.com/v1/tracks/2WfaOiMkCvy7F5fcp2zZ8L,https://api.spotify.com/v1/audio-analysis/2WfaOiMkCvy7F5fcp2zZ8L,225280.0,4.0,
145,152,599,1985,95,Oh Sheila,Ready For The World,79.0,1,21,1985,1,5PM96PMKMfD1lLX2lryUsG,0.798,0.577,0.0,-10.347,1.0,0.0777,0.0234,0.00112,0.0728,0.835,128.82,audio_features,5PM96PMKMfD1lLX2lryUsG,spotify:track:5PM96PMKMfD1lLX2lryUsG,https://api.spotify.com/v1/tracks/5PM96PMKMfD1lLX2lryUsG,https://api.spotify.com/v1/audio-analysis/5PM96PMKMfD1lLX2lryUsG,240093.0,4.0,
146,153,600,1985,79,Money For Nothing,Dire Straits,68.0,1,22,1985,1,4yqtwO7MQIIXqoiRBPHAgR,0.667,0.655,2.0,-9.339,0.0,0.0367,0.0491,0.000894,0.0641,0.657,134.212,audio_features,4yqtwO7MQIIXqoiRBPHAgR,spotify:track:4yqtwO7MQIIXqoiRBPHAgR,https://api.spotify.com/v1/tracks/4yqtwO7MQIIXqoiRBPHAgR,https://api.spotify.com/v1/audio-analysis/4yqtwO7MQIIXqoiRBPHAgR,506400.0,4.0,
147,154,601,1985,99,St. Elmo's Fire (Man In Motion),John Parr,92.0,1,22,1985,1,1A2PWRltFrX8iB8IP3CUgo,0.612,0.6,9.0,-10.945,1.0,0.0327,0.15,3.04e-06,0.222,0.471,111.203,audio_features,1A2PWRltFrX8iB8IP3CUgo,spotify:track:1A2PWRltFrX8iB8IP3CUgo,https://api.spotify.com/v1/tracks/1A2PWRltFrX8iB8IP3CUgo,https://api.spotify.com/v1/audio-analysis/1A2PWRltFrX8iB8IP3CUgo,251800.0,4.0,
148,155,604,1985,96,Everytime You Go Away,Paul Young,84.0,1,23,1985,1,6ktlRjmAIzEk3a56L7brb0,0.453,0.234,7.0,-16.943,1.0,0.0342,0.577,0.00119,0.0431,0.197,146.831,audio_features,6ktlRjmAIzEk3a56L7brb0,spotify:track:6ktlRjmAIzEk3a56L7brb0,https://api.spotify.com/v1/tracks/6ktlRjmAIzEk3a56L7brb0,https://api.spotify.com/v1/audio-analysis/6ktlRjmAIzEk3a56L7brb0,322920.0,4.0,
149,156,609,1985,98,Don't You (Forget About Me),Simple Minds,79.0,1,22,1985,1,07o54snAilKYHsW8bGFe9x,0.486,0.694,0.0,-5.8,1.0,0.141,0.574,0.0,0.125,0.248,109.41,audio_features,07o54snAilKYHsW8bGFe9x,spotify:track:07o54snAilKYHsW8bGFe9x,https://api.spotify.com/v1/tracks/07o54snAilKYHsW8bGFe9x,https://api.spotify.com/v1/audio-analysis/07o54snAilKYHsW8bGFe9x,216413.0,4.0,
150,157,610,1985,100,We Are The World,USA For Africa,92.0,1,18,1985,1,7ccI9cStQbQdystvc6TvxD,0.268,0.459,7.0,-6.948,0.0,0.0346,0.378,0.0,0.119,0.172,64.223,audio_features,7ccI9cStQbQdystvc6TvxD,spotify:track:7ccI9cStQbQdystvc6TvxD,https://api.spotify.com/v1/tracks/7ccI9cStQbQdystvc6TvxD,https://api.spotify.com/v1/audio-analysis/7ccI9cStQbQdystvc6TvxD,179200.0,4.0,
151,158,613,1985,89,I Want To Know What Love Is,Foreigner,75.0,1,21,1985,1,1JLn8RhQzHz3qDqsChcmBl,0.477,0.471,6.0,-10.036,1.0,0.0277,0.193,1.76e-06,0.131,0.423,81.204,audio_features,1JLn8RhQzHz3qDqsChcmBl,spotify:track:1JLn8RhQzHz3qDqsChcmBl,https://api.spotify.com/v1/tracks/1JLn8RhQzHz3qDqsChcmBl,https://api.spotify.com/v1/audio-analysis/1JLn8RhQzHz3qDqsChcmBl,304787.0,4.0,
152,159,620,1984,96,Missing You,John Waite,84.0,1,24,1984,1,1Qrdlkgg9I4J7r3P4kZNwr,0.552,0.552,11.0,-9.736,0.0,0.0364,0.052,0.0,0.046,0.593,208.571,audio_features,1Qrdlkgg9I4J7r3P4kZNwr,spotify:track:1Qrdlkgg9I4J7r3P4kZNwr,https://api.spotify.com/v1/tracks/1Qrdlkgg9I4J7r3P4kZNwr,https://api.spotify.com/v1/audio-analysis/1Qrdlkgg9I4J7r3P4kZNwr,269760.0,4.0,
153,160,621,1984,91,What's Love Got To Do With It,Tina Turner,78.0,1,28,1984,1,3ErsOxqe2RmXkR65wkygDz,0.855,0.48,1.0,-8.902,1.0,0.0588,0.254,2.16e-05,0.151,0.798,97.793,audio_features,3ErsOxqe2RmXkR65wkygDz,spotify:track:3ErsOxqe2RmXkR65wkygDz,https://api.spotify.com/v1/tracks/3ErsOxqe2RmXkR65wkygDz,https://api.spotify.com/v1/audio-analysis/3ErsOxqe2RmXkR65wkygDz,230240.0,4.0,
154,161,622,1984,98,Ghostbusters,Ray Parker Jr.,95.0,1,21,1984,1,3m0y8qLoznUYi73SUBP8GI,0.788,0.846,4.0,-5.017,1.0,0.0372,0.0103,0.000281,0.26,0.738,115.636,audio_features,3m0y8qLoznUYi73SUBP8GI,spotify:track:3m0y8qLoznUYi73SUBP8GI,https://api.spotify.com/v1/tracks/3m0y8qLoznUYi73SUBP8GI,https://api.spotify.com/v1/audio-analysis/3m0y8qLoznUYi73SUBP8GI,245253.0,4.0,
155,162,623,1984,76,Let's Hear It For The Boy,Deniece Williams,66.0,1,19,1984,1,4VyU9Tg4drTj2mOUZHSK2u,0.808,0.485,0.0,-8.829,1.0,0.056,0.0761,0.00414,0.0477,0.714,122.659,audio_features,4VyU9Tg4drTj2mOUZHSK2u,spotify:track:4VyU9Tg4drTj2mOUZHSK2u,https://api.spotify.com/v1/tracks/4VyU9Tg4drTj2mOUZHSK2u,https://api.spotify.com/v1/audio-analysis/4VyU9Tg4drTj2mOUZHSK2u,262440.0,4.0,
156,163,624,1984,93,Footloose,Kenny Loggins,82.0,1,23,1984,1,6W2VbtvMrDXm5vYeB7amkO,0.546,0.895,9.0,-7.189,1.0,0.0579,0.0819,1.42e-05,0.0768,0.494,174.089,audio_features,6W2VbtvMrDXm5vYeB7amkO,spotify:track:6W2VbtvMrDXm5vYeB7amkO,https://api.spotify.com/v1/tracks/6W2VbtvMrDXm5vYeB7amkO,https://api.spotify.com/v1/audio-analysis/6W2VbtvMrDXm5vYeB7amkO,220707.0,4.0,
157,165,626,1984,97,Karma Chameleon,Culture Club,90.0,1,22,1984,1,2wSAWEYUHkt92X4SBAPqZE,0.668,0.73,10.0,-7.182,1.0,0.0366,0.225,0.0,0.188,0.894,92.049,audio_features,2wSAWEYUHkt92X4SBAPqZE,spotify:track:2wSAWEYUHkt92X4SBAPqZE,https://api.spotify.com/v1/tracks/2wSAWEYUHkt92X4SBAPqZE,https://api.spotify.com/v1/audio-analysis/2wSAWEYUHkt92X4SBAPqZE,252773.0,4.0,
158,166,627,1984,97,Owner Of A Lonely Heart,Yes,79.0,1,23,1984,1,0GTK6TesV108Jj5D3MHsYb,0.744,0.798,7.0,-5.981,1.0,0.0364,0.175,0.00367,0.26,0.89,125.061,audio_features,0GTK6TesV108Jj5D3MHsYb,spotify:track:0GTK6TesV108Jj5D3MHsYb,https://api.spotify.com/v1/tracks/0GTK6TesV108Jj5D3MHsYb,https://api.spotify.com/v1/audio-analysis/0GTK6TesV108Jj5D3MHsYb,268507.0,4.0,
159,167,628,1984,99,Say Say Say,Paul McCartney And Michael Jackson,76.0,1,22,1984,1,4NioO5R9sHEZh4cGzMHyNt,0.626,0.547,4.0,-8.285,1.0,0.0342,0.0656,1.67e-05,0.149,0.192,109.946,audio_features,4NioO5R9sHEZh4cGzMHyNt,spotify:track:4NioO5R9sHEZh4cGzMHyNt,https://api.spotify.com/v1/tracks/4NioO5R9sHEZh4cGzMHyNt,https://api.spotify.com/v1/audio-analysis/4NioO5R9sHEZh4cGzMHyNt,279833.0,4.0,
160,168,629,1984,97,Islands In The Stream,Kenny Rogers Duet With Dolly Parton,72.0,1,25,1984,1,4mnOVRRXsaqg9Nb041xR8u,0.592,0.473,8.0,-9.834,1.0,0.0354,0.681,0.0,0.0732,0.741,203.989,audio_features,4mnOVRRXsaqg9Nb041xR8u,spotify:track:4mnOVRRXsaqg9Nb041xR8u,https://api.spotify.com/v1/tracks/4mnOVRRXsaqg9Nb041xR8u,https://api.spotify.com/v1/audio-analysis/4mnOVRRXsaqg9Nb041xR8u,249360.0,4.0,
161,169,630,1984,96,Total Eclipse Of The Heart,Bonnie Tyler,87.0,1,29,1984,1,7wuJGgpTNzbUyn26IOY6rj,0.431,0.723,8.0,-5.887,1.0,0.0568,0.145,0.0,0.374,0.19,130.141,audio_features,7wuJGgpTNzbUyn26IOY6rj,spotify:track:7wuJGgpTNzbUyn26IOY6rj,https://api.spotify.com/v1/tracks/7wuJGgpTNzbUyn26IOY6rj,https://api.spotify.com/v1/audio-analysis/7wuJGgpTNzbUyn26IOY6rj,267360.0,4.0,
162,170,631,1983,83,Sweet Dreams (Are Made Of This),Eurythmics,77.0,1,26,1983,1,1TfqLAPs4K3s2rJMoCokcS,0.692,0.711,0.0,-7.498,0.0,0.0317,0.225,0.0,0.12,0.875,125.135,audio_features,1TfqLAPs4K3s2rJMoCokcS,spotify:track:1TfqLAPs4K3s2rJMoCokcS,https://api.spotify.com/v1/tracks/1TfqLAPs4K3s2rJMoCokcS,https://api.spotify.com/v1/audio-analysis/1TfqLAPs4K3s2rJMoCokcS,216933.0,4.0,
163,171,632,1983,89,Maniac,Michael Sembello,63.0,1,22,1983,1,6KfoDhO4XUWSbnyKjNp9c4,0.628,0.639,8.0,-5.46,1.0,0.0435,0.00162,0.0,0.354,0.493,108.045,audio_features,6KfoDhO4XUWSbnyKjNp9c4,spotify:track:6KfoDhO4XUWSbnyKjNp9c4,https://api.spotify.com/v1/tracks/6KfoDhO4XUWSbnyKjNp9c4,https://api.spotify.com/v1/audio-analysis/6KfoDhO4XUWSbnyKjNp9c4,185773.0,4.0,
164,172,633,1983,92,Every Breath You Take,The Police,55.0,1,22,1983,1,1JSTJqkT5qHq8MDJnJbRE1,0.82,0.452,1.0,-9.796,1.0,0.0348,0.543,0.00294,0.0714,0.74,117.401,audio_features,1JSTJqkT5qHq8MDJnJbRE1,spotify:track:1JSTJqkT5qHq8MDJnJbRE1,https://api.spotify.com/v1/tracks/1JSTJqkT5qHq8MDJnJbRE1,https://api.spotify.com/v1/audio-analysis/1JSTJqkT5qHq8MDJnJbRE1,253920.0,4.0,
165,173,634,1983,74,Flashdance...What A Feeling,Irene Cara,64.0,1,25,1983,1,3cbV252akVZInSvJk7jAYX,0.572,0.654,7.0,-7.027,0.0,0.0344,0.0058,3.21e-06,0.09,0.399,122.491,audio_features,3cbV252akVZInSvJk7jAYX,spotify:track:3cbV252akVZInSvJk7jAYX,https://api.spotify.com/v1/tracks/3cbV252akVZInSvJk7jAYX,https://api.spotify.com/v1/audio-analysis/3cbV252akVZInSvJk7jAYX,237053.0,4.0,
166,174,637,1983,97,Come On Eileen,Dexys Midnight Runners,87.0,1,23,1983,1,3MrWxJaD2AT0W9DjWF64Vm,0.45,0.656,2.0,-7.049,1.0,0.0472,0.664,3.02e-06,0.259,0.782,106.61,audio_features,3MrWxJaD2AT0W9DjWF64Vm,spotify:track:3MrWxJaD2AT0W9DjWF64Vm,https://api.spotify.com/v1/tracks/3MrWxJaD2AT0W9DjWF64Vm,https://api.spotify.com/v1/audio-analysis/3MrWxJaD2AT0W9DjWF64Vm,287307.0,4.0,
167,175,640,1983,90,"Baby, Come To Me",Patti Austin A Duet With James Ingram,76.0,1,32,1983,1,65bvH7egzl7h9f7uJmqGV4,0.631,0.505,7.0,-12.083,0.0,0.0903,0.553,0.0,0.137,0.687,90.204,audio_features,65bvH7egzl7h9f7uJmqGV4,spotify:track:65bvH7egzl7h9f7uJmqGV4,https://api.spotify.com/v1/tracks/65bvH7egzl7h9f7uJmqGV4,https://api.spotify.com/v1/audio-analysis/65bvH7egzl7h9f7uJmqGV4,215387.0,4.0,
168,176,641,1983,93,Africa,Toto,69.0,1,21,1983,1,2374M0fQpWi3dLnB54qaLX,0.671,0.373,9.0,-18.064,1.0,0.0323,0.257,8.01e-05,0.0481,0.732,92.718,audio_features,2374M0fQpWi3dLnB54qaLX,spotify:track:2374M0fQpWi3dLnB54qaLX,https://api.spotify.com/v1/tracks/2374M0fQpWi3dLnB54qaLX,https://api.spotify.com/v1/audio-analysis/2374M0fQpWi3dLnB54qaLX,295893.0,4.0,
169,177,642,1983,96,Mickey,Toni Basil,88.0,1,27,1983,1,3RKjTYlQrtLXCq5ncswBPp,0.912,0.507,2.0,-11.952,1.0,0.0587,0.579,0.0,0.167,0.725,134.978,audio_features,3RKjTYlQrtLXCq5ncswBPp,spotify:track:3RKjTYlQrtLXCq5ncswBPp,https://api.spotify.com/v1/tracks/3RKjTYlQrtLXCq5ncswBPp,https://api.spotify.com/v1/audio-analysis/3RKjTYlQrtLXCq5ncswBPp,115556.0,4.0,
170,178,643,1983,91,Up Where We Belong,Joe Cocker And Jennifer Warnes,58.0,1,23,1983,1,4U6mBgGP8FXN6UH4T3AJhu,0.624,0.306,2.0,-11.831,1.0,0.0318,0.634,2.67e-05,0.0632,0.227,139.912,audio_features,4U6mBgGP8FXN6UH4T3AJhu,spotify:track:4U6mBgGP8FXN6UH4T3AJhu,https://api.spotify.com/v1/tracks/4U6mBgGP8FXN6UH4T3AJhu,https://api.spotify.com/v1/audio-analysis/4U6mBgGP8FXN6UH4T3AJhu,232667.0,4.0,
171,179,644,1982,96,Jack & Diane,John Cougar,85.0,1,22,1982,1,43btz2xjMKpcmjkuRsvxyg,0.811,0.41,9.0,-8.214,1.0,0.0391,0.0365,6.63e-06,0.0799,0.626,103.965,audio_features,43btz2xjMKpcmjkuRsvxyg,spotify:track:43btz2xjMKpcmjkuRsvxyg,https://api.spotify.com/v1/tracks/43btz2xjMKpcmjkuRsvxyg,https://api.spotify.com/v1/audio-analysis/43btz2xjMKpcmjkuRsvxyg,254493.0,4.0,
172,180,645,1982,93,Eye Of The Tiger,Survivor,75.0,1,25,1982,1,2HHtWyy5CgaQbC7XSoOb0e,0.815,0.438,0.0,-14.522,0.0,0.0346,0.216,0.000466,0.0787,0.552,108.965,audio_features,2HHtWyy5CgaQbC7XSoOb0e,spotify:track:2HHtWyy5CgaQbC7XSoOb0e,https://api.spotify.com/v1/tracks/2HHtWyy5CgaQbC7XSoOb0e,https://api.spotify.com/v1/audio-analysis/2HHtWyy5CgaQbC7XSoOb0e,243773.0,4.0,
173,181,648,1982,99,Ebony And Ivory,Paul McCartney And Stevie Wonder,92.0,1,19,1982,1,3fVSMbeq8tY3G85yxcJwRU,0.567,0.692,4.0,-7.881,1.0,0.0379,0.0784,0.0,0.0338,0.708,160.697,audio_features,3fVSMbeq8tY3G85yxcJwRU,spotify:track:3fVSMbeq8tY3G85yxcJwRU,https://api.spotify.com/v1/tracks/3fVSMbeq8tY3G85yxcJwRU,https://api.spotify.com/v1/audio-analysis/3fVSMbeq8tY3G85yxcJwRU,226267.0,4.0,
174,182,649,1982,97,Chariots Of Fire - Titles,Vangelis,95.0,1,28,1982,1,40GkYO2g4a3sjipt8VtRkb,0.503,0.465,1.0,-7.762,1.0,0.032,0.0513,0.695,0.0941,0.04,135.883,audio_features,40GkYO2g4a3sjipt8VtRkb,spotify:track:40GkYO2g4a3sjipt8VtRkb,https://api.spotify.com/v1/tracks/40GkYO2g4a3sjipt8VtRkb,https://api.spotify.com/v1/audio-analysis/40GkYO2g4a3sjipt8VtRkb,201212.0,4.0,
175,183,651,1982,99,Centerfold,The J. Geils Band,89.0,1,25,1982,1,1ynmMEK1fkyiZ6Z6F3ThEt,0.653,0.677,0.0,-12.244,1.0,0.0396,0.249,0.0,0.403,0.888,114.37,audio_features,1ynmMEK1fkyiZ6Z6F3ThEt,spotify:track:1ynmMEK1fkyiZ6Z6F3ThEt,https://api.spotify.com/v1/tracks/1ynmMEK1fkyiZ6Z6F3ThEt,https://api.spotify.com/v1/audio-analysis/1ynmMEK1fkyiZ6Z6F3ThEt,216533.0,4.0,
176,184,659,1981,87,Jessie's Girl,Rick Springfield,70.0,1,32,1981,1,5RsUlxLto4NZbhJpqJbHfN,0.727,0.834,2.0,-5.851,1.0,0.0496,0.165,0.0,0.105,0.816,131.7,audio_features,5RsUlxLto4NZbhJpqJbHfN,spotify:track:5RsUlxLto4NZbhJpqJbHfN,https://api.spotify.com/v1/tracks/5RsUlxLto4NZbhJpqJbHfN,https://api.spotify.com/v1/audio-analysis/5RsUlxLto4NZbhJpqJbHfN,194120.0,4.0,
177,185,660,1981,94,The One That You Love,Air Supply,79.0,1,19,1981,1,3FDAd5vW4P7xe1GBNOLyfD,0.396,0.479,5.0,-8.072,1.0,0.0268,0.728,9.51e-06,0.102,0.184,109.973,audio_features,3FDAd5vW4P7xe1GBNOLyfD,spotify:track:3FDAd5vW4P7xe1GBNOLyfD,https://api.spotify.com/v1/tracks/3FDAd5vW4P7xe1GBNOLyfD,https://api.spotify.com/v1/audio-analysis/3FDAd5vW4P7xe1GBNOLyfD,259000.0,4.0,
178,186,661,1981,99,Bette Davis Eyes,Kim Carnes,93.0,1,26,1981,1,0odIT9B9BvOCnXfS0e4lB5,0.675,0.649,5.0,-10.271,1.0,0.0319,0.0204,0.0,0.0959,0.596,116.624,audio_features,0odIT9B9BvOCnXfS0e4lB5,spotify:track:0odIT9B9BvOCnXfS0e4lB5,https://api.spotify.com/v1/tracks/0odIT9B9BvOCnXfS0e4lB5,https://api.spotify.com/v1/audio-analysis/0odIT9B9BvOCnXfS0e4lB5,228000.0,4.0,
179,187,662,1981,100,Medley,Stars On 45,100.0,1,21,1981,1,2FbGlEPAjNhWvrVvlentVq,0.441,0.403,2.0,-11.18,0.0,0.147,0.255,1.27e-05,0.13,0.158,139.92,audio_features,2FbGlEPAjNhWvrVvlentVq,spotify:track:2FbGlEPAjNhWvrVvlentVq,https://api.spotify.com/v1/tracks/2FbGlEPAjNhWvrVvlentVq,https://api.spotify.com/v1/audio-analysis/2FbGlEPAjNhWvrVvlentVq,434960.0,4.0,
180,188,663,1981,93,Morning Train (Nine To Five),Sheena Easton,86.0,1,21,1981,1,1qvDt6W8oaTO9Q4pFNMFEm,0.76,0.556,5.0,-8.872,0.0,0.0817,0.63,0.0,0.148,0.817,121.818,audio_features,1qvDt6W8oaTO9Q4pFNMFEm,spotify:track:1qvDt6W8oaTO9Q4pFNMFEm,https://api.spotify.com/v1/tracks/1qvDt6W8oaTO9Q4pFNMFEm,https://api.spotify.com/v1/audio-analysis/1qvDt6W8oaTO9Q4pFNMFEm,200827.0,4.0,
181,189,668,1981,100,9 To 5,Dolly Parton,91.0,1,26,1981,1,4w3tQBXhn5345eUXDGBWZG,0.554,0.783,6.0,-5.852,1.0,0.0457,0.416,1.54e-06,0.631,0.813,105.39,audio_features,4w3tQBXhn5345eUXDGBWZG,spotify:track:4w3tQBXhn5345eUXDGBWZG,https://api.spotify.com/v1/tracks/4w3tQBXhn5345eUXDGBWZG,https://api.spotify.com/v1/audio-analysis/4w3tQBXhn5345eUXDGBWZG,162467.0,4.0,
182,190,670,1981,95,I Love A Rainy Night,Eddie Rabbitt,75.0,1,28,1981,1,0zvNHIL7ci0ZzIoWU6RO2u,0.685,0.718,0.0,-7.724,1.0,0.0521,0.122,0.0,0.0556,0.958,131.463,audio_features,0zvNHIL7ci0ZzIoWU6RO2u,spotify:track:0zvNHIL7ci0ZzIoWU6RO2u,https://api.spotify.com/v1/tracks/0zvNHIL7ci0ZzIoWU6RO2u,https://api.spotify.com/v1/audio-analysis/0zvNHIL7ci0ZzIoWU6RO2u,191067.0,4.0,
183,191,671,1981,95,(Just Like) Starting Over,John Lennon,49.0,1,22,1981,1,5y0YreEOnQiKFAnCrcFIXz,0.701,0.79,9.0,-6.16,1.0,0.0725,0.301,6.06e-05,0.179,0.421,99.104,audio_features,5y0YreEOnQiKFAnCrcFIXz,spotify:track:5y0YreEOnQiKFAnCrcFIXz,https://api.spotify.com/v1/tracks/5y0YreEOnQiKFAnCrcFIXz,https://api.spotify.com/v1/audio-analysis/5y0YreEOnQiKFAnCrcFIXz,236547.0,4.0,
184,192,672,1981,97,Lady,Kenny Rogers,97.0,1,25,1981,1,7mXuWTczZNxG5EDcjFEuJR,0.646,0.736,5.0,-7.118,0.0,0.0449,0.216,0.0,0.415,0.873,140.098,audio_features,7mXuWTczZNxG5EDcjFEuJR,spotify:track:7mXuWTczZNxG5EDcjFEuJR,https://api.spotify.com/v1/tracks/7mXuWTczZNxG5EDcjFEuJR,https://api.spotify.com/v1/audio-analysis/7mXuWTczZNxG5EDcjFEuJR,212878.0,3.0,
185,193,686,1980,99,Funkytown,"Lipps, Inc.",95.0,1,23,1980,1,5Q6GRDSFdRwE7H37dQop9u,0.915,0.591,0.0,-8.865,1.0,0.0597,0.000468,0.833,0.0938,0.315,122.664,audio_features,5Q6GRDSFdRwE7H37dQop9u,spotify:track:5Q6GRDSFdRwE7H37dQop9u,https://api.spotify.com/v1/tracks/5Q6GRDSFdRwE7H37dQop9u,https://api.spotify.com/v1/audio-analysis/5Q6GRDSFdRwE7H37dQop9u,234800.0,4.0,
186,194,687,1980,94,Another Brick In The Wall (Part II),Pink Floyd,94.0,1,25,1980,1,33NHOyVja2kmc5VE85aX6v,0.372,0.0573,0.0,-22.53,1.0,0.0413,0.993,0.905,0.0683,0.117,92.705,audio_features,33NHOyVja2kmc5VE85aX6v,spotify:track:33NHOyVja2kmc5VE85aX6v,https://api.spotify.com/v1/tracks/33NHOyVja2kmc5VE85aX6v,https://api.spotify.com/v1/audio-analysis/33NHOyVja2kmc5VE85aX6v,325000.0,4.0,
187,195,689,1980,93,Escape (The Pina Colada Song),Rupert Holmes,69.0,1,21,1980,1,5IMtdHjJ1OtkxbGe4zfUxQ,0.836,0.509,0.0,-13.668,1.0,0.0548,0.467,4.1e-06,0.0436,0.949,138.714,audio_features,5IMtdHjJ1OtkxbGe4zfUxQ,spotify:track:5IMtdHjJ1OtkxbGe4zfUxQ,https://api.spotify.com/v1/tracks/5IMtdHjJ1OtkxbGe4zfUxQ,https://api.spotify.com/v1/audio-analysis/5IMtdHjJ1OtkxbGe4zfUxQ,276493.0,4.0,
188,196,697,1980,96,Babe,Styx,79.0,1,19,1980,1,0v4z1tuZvn6LGknom9Qx7d,0.584,0.743,4.0,-7.075,1.0,0.0931,0.0538,2.83e-06,0.121,0.746,167.844,audio_features,0v4z1tuZvn6LGknom9Qx7d,spotify:track:0v4z1tuZvn6LGknom9Qx7d,https://api.spotify.com/v1/tracks/0v4z1tuZvn6LGknom9Qx7d,https://api.spotify.com/v1/audio-analysis/0v4z1tuZvn6LGknom9Qx7d,224240.0,4.0,
189,197,699,1980,100,Pop Muzik,M,59.0,1,24,1980,1,25G8NNFBnjXgWCGtyPa1Ax,0.912,0.673,2.0,-8.91,1.0,0.109,0.0995,0.0,0.103,0.123,120.157,audio_features,25G8NNFBnjXgWCGtyPa1Ax,spotify:track:25G8NNFBnjXgWCGtyPa1Ax,https://api.spotify.com/v1/tracks/25G8NNFBnjXgWCGtyPa1Ax,https://api.spotify.com/v1/audio-analysis/25G8NNFBnjXgWCGtyPa1Ax,228160.0,4.0,
