,date,song,artist,peak-rank,weeks-on-board,release_year,track_id,danceability,energy,key,loudness,mode,speechiness,acousticness,instrumentalness,liveness,valence,tempo,id,duration_m
0,2019,Thotiana,Blueface,8,20,2019,5GBuCHuPKx6UC7VsSPK0t3,0.906,0.382,A#,-12.89,0,0.269,0.18,0,0.113,0.391,104.025,5GBuCHuPKx6UC7VsSPK0t3,2.15
1,2019,Youngblood,5 Seconds Of Summer,7,48,2019,2iUXsYOEPhVqEBwsqP70rE,0.596,0.854,G,-5.114,0,0.463,0.0169,0,0.124,0.152,120.274,2iUXsYOEPhVqEBwsqP70rE,3.39
2,2019,Mo Bamba,Sheck Wes,6,28,2019,1xzBco0xcoJEDXktl7Jxrr,0.729,0.625,E,-5.266,1,0.0315,0.194,0.00986,0.248,0.261,146.034,1xzBco0xcoJEDXktl7Jxrr,3.07
3,2019,Sweet But Psycho,Ava Max,10,35,2019,7DnAm9FOTWE3cUvso43HhI,0.72,0.706,C#,-4.719,1,0.0473,0.0684,0,0.166,0.62,133.002,7DnAm9FOTWE3cUvso43HhI,3.12
4,2018,Stir Fry,Migos,8,21,2018,2UVbBKQOdFAekPTRsnkzcf,0.817,0.816,D,-5.402,1,0.269,0.00263,0,0.159,0.508,181.982,2UVbBKQOdFAekPTRsnkzcf,3.17
5,2018,Gucci Gang,Lil Pump,3,24,2018,43ZyHQITOjhciSUUNPVRHc,0.936,0.523,F,-6.71,1,0.0597,0.239,0,0.117,0.699,119.889,43ZyHQITOjhciSUUNPVRHc,2.07
6,2018,Feel It Still,Portugal. The Man,4,45,2018,6QgjcU0zLnzq5OrUoSZ3OK,0.801,0.795,C#,-5.115,0,0.0504,0.0417,0.000113,0.0717,0.754,79.028,6QgjcU0zLnzq5OrUoSZ3OK,2.72
7,2018,Wake Me Up!,Avicii,4,54,2018,0nrRP2bk19rLc0orkWPQk2,0.532,0.783,D,-5.697,1,0.0523,0.0038,0.0012,0.161,0.643,124.08,0nrRP2bk19rLc0orkWPQk2,4.12
8,2018,Attention,Charlie Puth,5,40,2018,5cF0dROlMOK5uNZtivgu50,0.775,0.613,D#,-4.586,0,0.0542,0.109,2.33E-05,0.134,0.797,100.066,5cF0dROlMOK5uNZtivgu50,3.48
9,2018,This Is America,Childish Gambino,1,17,2018,0b9oOr2ZgvyQu88wzixux9,0.854,0.463,F,-6.159,1,0.137,0.117,0,0.354,0.549,120.024,0b9oOr2ZgvyQu88wzixux9,3.76
10,2018,Never Be The Same,Camila Cabello,6,37,2018,4eWQlBRaTjPPUlzacqEeoQ,0.637,0.713,C,-4.333,1,0.0747,0.181,0.000637,0.137,0.243,129.923,4eWQlBRaTjPPUlzacqEeoQ,3.78
11,2018,Sad!,XXXTENTACION,1,38,2018,3ee8Jmje8o58CHK66QrVC2,0.74,0.613,G#,-4.88,1,0.145,0.258,0.00372,0.123,0.473,75.023,3ee8Jmje8o58CHK66QrVC2,2.78
12,2018,Boo'd Up,Ella Mai,5,35,2018,5qfE7gCS33CDNwdUtepNqu,0.697,0.382,G,-13.488,1,0.145,0.0768,0,0.119,0.469,157.963,5qfE7gCS33CDNwdUtepNqu,4.72
13,2017,Body Like A Back Road,Sam Hunt,6,41,2017,7FpBQ067pHB67deawpbbcY,0.736,0.458,F,-7.437,1,0.0316,0.441,0,0.148,0.65,98.977,7FpBQ067pHB67deawpbbcY,2.71
14,2017,Mask Off,Future,5,31,2017,0VgkVdmE4gld66l8iyGjgx,0.833,0.434,D,-8.795,1,0.431,0.0102,0.0219,0.165,0.281,150.062,0VgkVdmE4gld66l8iyGjgx,3.41
15,2017,It Ain't Me,Kygo x Selena Gomez,10,29,2017,12GEpg2XOPyqk03JZEZnJs,0.64,0.533,C,-6.596,1,0.0706,0.119,0,0.0864,0.515,99.968,12GEpg2XOPyqk03JZEZnJs,3.68
16,2017,Tunnel Vision,Kodak Black,6,20,2017,4Q3N4Ct4zCuIHuZ65E3BD4,0.497,0.489,B,-7.724,0,0.294,0.0576,9.91E-05,0.122,0.231,171.853,4Q3N4Ct4zCuIHuZ65E3BD4,4.47
17,2017,Paris,The Chainsmokers,6,20,2017,6tO5bxNnMuh1c3cziSpecA,0.849,0.648,G,-6.188,1,0.0835,0.0706,0.00636,0.0984,0.195,106.058,6tO5bxNnMuh1c3cziSpecA,1.85
18,2017,Bounce Back,Big Sean,6,28,2017,0SGkqnVQo9KPytSri1H6cF,0.78,0.575,C#,-5.628,0,0.139,0.106,0,0.129,0.273,81.502,0SGkqnVQo9KPytSri1H6cF,3.71
19,2017,Bad Things,Machine Gun Kelly x Camila Cabello,4,23,2017,1PSBzsahR2AKwLJgx8ehBj,0.697,0.691,D,-4.757,1,0.146,0.214,0,0.185,0.305,137.853,1PSBzsahR2AKwLJgx8ehBj,3.99
20,2016,"Me, Myself & I",G-Eazy x Bebe Rexha,7,37,2016,40YcuQysJ0KlGQTeGUosTC,0.756,0.674,C,-6.518,0,0.0959,0.0184,0,0.158,0.389,111.995,40YcuQysJ0KlGQTeGUosTC,4.19
21,2016,Trap Queen,Fetty Wap,2,52,2016,2d8JP84HNLKhmd6IYOoupQ,0.746,0.873,G,-3.803,1,0.128,0.0244,0,0.354,0.817,148.075,2d8JP84HNLKhmd6IYOoupQ,3.7
22,2016,Watch Me,Silento,3,51,2016,7eB1V5LvAdxCc7brfGhRRo,0.441,0.599,C,-8.985,1,0.225,0.333,0.00198,0.103,0.35,165.212,7eB1V5LvAdxCc7brfGhRRo,2.96
23,2016,Ex's & Oh's,Elle King,10,38,2016,70eDxAyAraNTiD6lx2ZEnH,0.612,0.921,G,-2.882,1,0.085,0.0183,0,0.0576,0.446,139.988,70eDxAyAraNTiD6lx2ZEnH,3.37
24,2016,Cheerleader,OMI,1,35,2016,023OVLNzXhX0j7CxswUt6D,0.78,0.68,E,-6.081,1,0.0305,0.141,1.20E-05,0.138,0.594,118.026,023OVLNzXhX0j7CxswUt6D,3.01
25,2016,Pillowtalk,Zayn,1,24,2016,0PDUDa38GO8lMxLCRc4lL1,0.584,0.7,B,-4.275,1,0.0456,0.117,0,0.0939,0.438,124.944,0PDUDa38GO8lMxLCRc4lL1,3.38
26,2016,Don't Mind,Kent Jones,8,20,2016,2RRRLgo66ueTHX0rn9G4Sn,0.889,0.498,C,-7.072,1,0.0333,0.272,0.196,0.142,0.676,99.932,2RRRLgo66ueTHX0rn9G4Sn,2.73
27,2016,7 Years,Lukas Graham,2,36,2016,5kqIPrATaCc2LqxVWzQGbk,0.765,0.473,A#,-5.829,1,0.0514,0.287,0,0.391,0.34,119.992,5kqIPrATaCc2LqxVWzQGbk,3.96
28,2016,Panda,Desiigner,1,40,2016,5YEOzOojehCqxGQCcQiyR4,0.576,0.766,A#,-4.943,0,0.449,0.028,1.68E-06,0.366,0.236,144.833,5YEOzOojehCqxGQCcQiyR4,4.11
29,2016,Cake By The Ocean,DNCE,9,46,2016,76hfruVvmfQbw0eYn1nmeC,0.774,0.753,E,-5.446,0,0.0517,0.152,0,0.0371,0.896,119.002,76hfruVvmfQbw0eYn1nmeC,3.65
30,2015,Chandelier,Sia,8,46,2015,2s1sdSqGcKxpPr5lCl7jAV,0.399,0.787,C#,-2.88,1,0.0499,0.0197,6.07E-05,0.0685,0.572,117.089,2s1sdSqGcKxpPr5lCl7jAV,3.6
31,2015,Hot Boy,Bobby Shmurda,6,25,2015,1y4eb6hmAvsqlDOl3fx9kk,0.706,0.841,G,-3.956,1,0.0418,7.95E-05,0,0.0688,0.861,132.032,1y4eb6hmAvsqlDOl3fx9kk,3.67
32,2015,Rude,MAGIC!,1,41,2015,6RtPijgfPKROxEzTHNRiDp,0.773,0.758,C#,-4.993,1,0.0381,0.0422,0,0.305,0.925,144.033,6RtPijgfPKROxEzTHNRiDp,3.75
33,2015,Habits (Stay High),Tove Lo,3,39,2015,14OxJlLdcHNpgsm4DRwDOB,0.729,0.65,F,-3.539,1,0.0313,0.0702,6.69E-05,0.0829,0.347,110.02,14OxJlLdcHNpgsm4DRwDOB,3.49
34,2015,Jealous,Nick Jonas,7,32,2015,1aXV8GrmQLvgoFtBPERP7E,0.474,0.921,A,-10.431,0,0.0457,0.00491,0.85,0.476,0.696,93.01,1aXV8GrmQLvgoFtBPERP7E,2.04
35,2015,Take Me To Church,Hozier,2,41,2015,1CS7Sd1u5tWkstBhpssyjP,0.566,0.664,E,-5.303,0,0.0464,0.634,0,0.116,0.437,128.945,1CS7Sd1u5tWkstBhpssyjP,4.03
36,2015,Nasty Freestyle,T-Wayne,9,20,2015,0PT7nlpo11hYYyfnBgtilT,0.779,0.472,B,-7.116,1,0.218,0.0577,0,0.114,0.412,135.051,0PT7nlpo11hYYyfnBgtilT,2.37
37,2015,"Honey, I'm Good.",Andy Grammer,9,31,2015,4Tt6GiWS2V9sQjZjS2xjp2,0.754,0.802,A,-6.424,1,0.0551,0.0349,0,0.335,0.583,122.026,4Tt6GiWS2V9sQjZjS2xjp2,3.32
38,2015,Fight Song,Rachel Platten,6,31,2015,37f4ITSlgPX81ad2EvmVQr,0.564,0.714,G,-4.987,1,0.129,0.0549,0,0.155,0.33,175.924,37f4ITSlgPX81ad2EvmVQr,3.4
39,2015,Shut Up And Dance,WALK THE MOON,4,53,2015,4kbj5MwxO1bq9wjT5g9HaA,0.578,0.866,C#,-3.804,1,0.0619,0.00701,0,0.257,0.619,128.038,4kbj5MwxO1bq9wjT5g9HaA,3.32
40,2014,Let It Go,Idina Menzel,5,33,2014,0qcr5FMsEO85NAQjrlDRKo,0.543,0.485,G#,-6.85,1,0.0305,0.558,0,0.12,0.371,136.961,0qcr5FMsEO85NAQjrlDRKo,3.73
41,2014,The Fox,Ylvis,6,18,2014,5HOpkTTVcmZHnthgyxrIL8,0.703,0.867,F#,-4.292,1,0.0453,0.107,0,0.119,0.546,128.008,5HOpkTTVcmZHnthgyxrIL8,3.56
42,2014,Safe And Sound,Capital Cities,8,43,2014,6Z8R6UsFuGXGtiIxiD8ISb,0.655,0.819,C,-4.852,1,0.0316,0.000176,0.00374,0.104,0.766,117.956,6Z8R6UsFuGXGtiIxiD8ISb,3.21
43,2014,We Might Be Dead By Tomorrow,Soko,9,1,2014,4miKDdaWW78mKwx6TIvOa0,0.39,0.151,G,-16.492,1,0.0389,0.966,0.000897,0.119,0.0827,143.421,4miKDdaWW78mKwx6TIvOa0,2.69
44,2014,The Man,Aloe Blacc,8,20,2014,3RauEVgRgj1IuWdJ9fDs70,0.777,0.658,C,-5.191,1,0.054,0.0767,0,0.0901,0.633,110.048,3RauEVgRgj1IuWdJ9fDs70,3.17
45,2014,Let Her Go,Passenger,5,43,2014,1KxwZYyzWNyZSRyErj2ojT,0.479,0.545,G,-7.346,1,0.0688,0.365,0,0.0963,0.243,74.897,1KxwZYyzWNyZSRyErj2ojT,4.21
46,2014,Happy,Pharrell Williams,1,47,2014,27RYrbL6S02LNVhDWVl38b,0.321,0.64,D,-10.023,1,0.0324,0.28,0,0.718,0.414,146.172,27RYrbL6S02LNVhDWVl38b,3.57
47,2014,Ain't It Fun,Paramore,10,24,2014,6LUr2QQla9sLekmdfJvDOS,0.508,0.497,F,-7.594,0,0.262,0.0142,2.93E-05,0.134,0.142,98.186,6LUr2QQla9sLekmdfJvDOS,2.68
48,2014,Pompeii,Bastille,5,53,2014,3gbBpTdY8lnQwqxNCcf795,0.679,0.715,A,-6.383,1,0.0407,0.0755,0,0.271,0.571,127.435,3gbBpTdY8lnQwqxNCcf795,3.57
49,2014,Summer,Calvin Harris,7,26,2014,1BxfuPKGuaTgP7aM0Bbdwr,0.552,0.702,A,-5.707,1,0.157,0.117,2.06E-05,0.105,0.564,169.994,1BxfuPKGuaTgP7aM0Bbdwr,2.97
50,2014,Boom Clap,Charli XCX,8,25,2014,0Y1MWB026LYxGvhq4EcMiC,0.659,0.911,E,-2.28,1,0.0786,0.154,0.000304,0.191,0.576,91.999,0Y1MWB026LYxGvhq4EcMiC,2.83
51,2014,All Of Me,John Legend,1,59,2014,3U4isOIWM3VvDubwSI3y7a,0.422,0.264,G#,-7.064,1,0.0322,0.922,0,0.132,0.331,119.93,3U4isOIWM3VvDubwSI3y7a,4.49
52,2013,Only Time,Enya,10,32,2013,6FLwmdmW77N1Pxb1aWsZmO,0.418,0.249,D#,-13.744,1,0.0301,0.841,0.661,0.112,0.213,82.803,6FLwmdmW77N1Pxb1aWsZmO,3.64
53,2013,Cups (Pitch Perfect's When I'm Gone),Anna Kendrick,6,44,2013,6mH3qVIeOsnQIAho5eWwhH,0.878,0.455,C,-8.845,1,0.077,0.0462,0.00484,0.0353,0.79,129.953,6mH3qVIeOsnQIAho5eWwhH,2.13
54,2013,Ho Hey,The Lumineers,3,62,2013,0W4Kpfp1w2xkY3PrV714B7,0.685,0.466,C,-9.074,1,0.0304,0.794,2.06E-06,0.0915,0.353,79.936,0W4Kpfp1w2xkY3PrV714B7,2.72
55,2013,Harlem Shake,Baauer,1,20,2013,01XFgRZfZI7oBagNf1Loml,0.452,0.794,C,-5.151,1,0.0483,0.0111,0.00182,0.416,0.282,137.825,01XFgRZfZI7oBagNf1Loml,3.28
56,2013,Too Close,Alex Clare,7,44,2013,7M6KOBCfPzWqbkiaXnm7bd,0.42,0.558,A,-5.728,1,0.0509,0.167,0,0.19,0.538,165.987,7M6KOBCfPzWqbkiaXnm7bd,2.84
57,2013,Some Nights,fun.,3,56,2013,6t6oULCRS6hnI7rm0h5gwl,0.672,0.738,C,-7.045,1,0.0506,0.0178,6.75E-05,0.0927,0.392,107.938,6t6oULCRS6hnI7rm0h5gwl,4.62
58,2013,Call Me Maybe,Carly Rae Jepsen,1,50,2013,3TGRqZ0a2l1LRblBkJoaDx,0.783,0.58,G,-6.548,1,0.0408,0.0114,2.28E-06,0.108,0.66,120.021,3TGRqZ0a2l1LRblBkJoaDx,3.22
59,2013,Home,Phillip Phillips,6,40,2013,3QIoEi8Enr9uHffwInGIsC,0.612,0.289,A,-11.568,1,0.0421,0.599,0.00266,0.0561,0.466,183.18,3QIoEi8Enr9uHffwInGIsC,2.96
60,2012,Pumped Up Kicks,Foster The People,3,40,2012,7w87IxuO7BDcJ3YUqCyMTT,0.733,0.71,F,-5.849,0,0.0292,0.145,0.115,0.0956,0.965,127.975,7w87IxuO7BDcJ3YUqCyMTT,3.99
61,2012,Everybody Talks,Neon Trees,6,39,2012,2iUmqdfGZcHIhS3b9E9EWq,0.471,0.924,G#,-3.906,1,0.0586,0.00301,0,0.313,0.725,154.961,2iUmqdfGZcHIhS3b9E9EWq,2.95
62,2012,Glad You Came,The Wanted,3,37,2012,5yDL13y5giogKs2fSNf7sj,0.722,0.851,G,-3.873,0,0.0639,0.0319,0,0.108,0.452,126.885,5yDL13y5giogKs2fSNf7sj,3.3
63,2012,Sexy And I Know It,LMFAO,1,42,2012,0obBFrPYkSoBJbvHfUIhkv,0.707,0.861,G,-4.225,1,0.316,0.1,0,0.191,0.795,130.021,0obBFrPYkSoBJbvHfUIhkv,3.32
64,2012,Rack City,Tyga,7,25,2012,0srwKuJPH8yBzzFUJMBQM2,0.929,0.339,C#,-10.881,1,0.371,0.0373,1.96E-05,0.187,0.273,98.986,0srwKuJPH8yBzzFUJMBQM2,3.39
65,2012,Domino,Jessie J,6,29,2012,6MAdEUilV2p9RQUqE5bMAK,0.757,0.547,G,-4.573,1,0.0355,0.0115,0,0.0445,0.793,126.977,6MAdEUilV2p9RQUqE5bMAK,3.86
66,2012,Ni**as in Paris,Jay Z Kanye West,5,36,2012,1auxYwYrFRqZP7t3s7w4um,0.789,0.858,C#,-5.542,1,0.311,0.127,0,0.349,0.775,140.022,1auxYwYrFRqZP7t3s7w4um,3.66
67,2011,Tonight Tonight,Hot Chelle Rae,7,30,2011,61OJxhoY3Ix50rYVKo8zRK,0.641,0.842,A,-7.27,1,0.0292,0.134,0.911,0.419,0.499,129.978,61OJxhoY3Ix50rYVKo8zRK,4.65
68,2011,The Show Goes On,Lupe Fiasco,9,33,2011,4NTWZqvfQTlOMitlVn6tew,0.591,0.889,G,-3.839,1,0.115,0.0189,0,0.155,0.65,143.067,4NTWZqvfQTlOMitlVn6tew,3.99
69,2011,Dirt Road Anthem,Jason Aldean,7,27,2011,5ZVGvay4xwgXMnQWffNYeU,0.68,0.74,D,-5.064,1,0.0355,0.342,1.81E-06,0.117,0.644,127.024,5ZVGvay4xwgXMnQWffNYeU,3.82
70,2011,F**k You! (Forget You),CeeLo Green,2,48,2011,5GvWrvLIqoHroq7YvO260M,0.734,0.485,E,-13.865,0,0.0465,0.357,0.00019,0.0401,0.933,95.321,5GvWrvLIqoHroq7YvO260M,3.7
71,2011,Dynamite,Taio Cruz,2,47,2011,1DqdF42leyFIzqNDv9CjId,0.754,0.804,E,-3.177,1,0.0853,0.00332,0,0.0329,0.818,119.968,1DqdF42leyFIzqNDv9CjId,3.4
72,2010,Whataya Want From Me,Adam Lambert,10,30,2010,2rDwdvBma1O1eLzo29p2cr,0.44,0.683,B,-4.732,0,0.0489,0.00706,0,0.0593,0.445,185.948,2rDwdvBma1O1eLzo29p2cr,3.79
73,2010,Young Forever,Jay-Z + Mr. Hudson,10,25,2010,35srNkJVToAzYiZzron1FY,0.637,0.69,A,-3.214,0,0.0693,0.417,0,0.211,0.103,140.329,35srNkJVToAzYiZzron1FY,4.23
74,2010,Replay,Iyaz,2,34,2010,5vlEg2fT4cFWAqU5QptIpQ,0.706,0.751,A,-6.323,1,0.0708,0.173,0,0.168,0.195,91.031,5vlEg2fT4cFWAqU5QptIpQ,3.04
75,2010,Empire State Of Mind,Jay-Z + Alicia Keys,1,30,2010,2igwFfvr1OAGX9SKDCPBwO,0.491,0.956,B,-1.538,1,0.392,0.0295,0,0.46,0.811,173.585,2igwFfvr1OAGX9SKDCPBwO,4.62
76,2010,Fireflies,Owl City,1,31,2010,3DamFFqW32WihKkTVlwTYQ,0.512,0.662,D#,-6.797,1,0.0439,0.0275,0,0.118,0.472,180.114,3DamFFqW32WihKkTVlwTYQ,3.81
77,2010,We Are The World 25: For Haiti,Artists For Haiti,2,5,2010,07rhyW77lp2bGv8EQoZy6k,0.348,0.717,E,-5.634,1,0.0882,0.311,0,0.0786,0.28,66.21,07rhyW77lp2bGv8EQoZy6k,6.95
78,2010,Use Somebody,Kings Of Leon,4,57,2010,4wCmqSrbyCgxEXROQE6vtV,0.864,0.495,C,-7.036,1,0.037,0.591,0.000133,0.0992,0.72,129.062,4wCmqSrbyCgxEXROQE6vtV,4.08
79,2010,Bulletproof,La Roux,8,27,2010,3kMrazSvILsgcwtidZd1Qd,0.674,0.882,D#,-2.771,0,0.0477,0.000441,6.47E-05,0.068,0.682,123.016,3kMrazSvILsgcwtidZd1Qd,3.43
80,2009,Every Girl,Young Money,10,20,2009,3l4cnZdtNbVZgV3ICYh1Ni,0.482,0.844,G,-4.488,1,0.0336,0.00631,0,0.189,0.81,174.963,3l4cnZdtNbVZgV3ICYh1Ni,3.77
81,2009,Second Chance,Shinedown,7,41,2009,0CwYG1UnRmOx8Q1EzElCIL,0.46,0.796,C,-4.501,0,0.0333,0.00107,0,0.106,0.182,100.011,0CwYG1UnRmOx8Q1EzElCIL,3.7
82,2009,Birthday Sex,Jeremih,4,20,2009,4NpDZPwSXmL0cCTaJuVrCw,0.679,0.522,G,-5.603,0,0.0427,0.297,0,0.151,0.445,60.014,4NpDZPwSXmL0cCTaJuVrCw,3.78
83,2009,Don't Trust Me,3OH!3,7,37,2009,7n6Zwr9JmTKQ6XjjYOjdLF,0.516,0.448,A#,-11.403,0,0.313,0.721,0,0.122,0.494,89.682,7n6Zwr9JmTKQ6XjjYOjdLF,6.41
84,2009,He Could Be The One,Hannah Montana,10,5,2009,07HPV6hzecJmMJwsIX8YVU,0.602,0.894,E,-3.975,1,0.032,0.00154,0,0.433,0.643,125.988,07HPV6hzecJmMJwsIX8YVU,3.01
85,2009,Day 'N' Nite,Kid Cudi,3,27,2009,5wfllwdjglyQislkskYLBv,0.881,0.441,B,-6.278,0,0.0646,0.48,9.08E-06,0.119,0.804,138.014,5wfllwdjglyQislkskYLBv,3.69
86,2009,Crush,David Archuleta,2,23,2009,11qh54D0PKkBwelpDxxiEU,0.5,0.225,C,-10.22,1,0.0302,0.842,0,0.112,0.355,173.788,11qh54D0PKkBwelpDxxiEU,3.22
87,2008,Paralyzer,Finger Eleven,6,50,2008,28IEbk5a7twNTbUEvWslUb,0.644,0.939,B,-3.486,0,0.0456,0.157,0,0.233,0.861,106.031,28IEbk5a7twNTbUEvWslUb,3.47
88,2008,No Air,Jordin Sparks Duet With Chris Brown,3,35,2008,0u9NVrPqUINrHIFCuPOnYm,0.429,0.197,D#,-9.798,1,0.032,0.774,3.02E-06,0.146,0.197,128.49,0u9NVrPqUINrHIFCuPOnYm,4.06
89,2008,Crank That (Soulja Boy),Soulja Boy Tell'em,1,32,2008,66TRwr5uJwPt15mfFkzhbi,0.736,0.74,C,-2.18,1,0.0786,0.515,0,0.0468,0.803,140.141,66TRwr5uJwPt15mfFkzhbi,3.7
90,2008,Bubbly,Colbie Caillat,5,47,2008,0rFOs9paloAvEtzwDX1Kmc,0.697,0.474,A,-6.663,1,0.0351,0.603,0,0.11,0.249,127.904,0rFOs9paloAvEtzwDX1Kmc,3.27
91,2008,Sorry,Buckcherry,9,24,2008,09CtPGIpYB4BrO8qb1RGsF,0.654,0.76,C,-3.669,0,0.045,0.0797,0,0.299,0.41,99.945,09CtPGIpYB4BrO8qb1RGsF,3.35
92,2008,New Soul,Yael Naim,7,19,2008,476JcJ3TpAuCOlGdCmomGm,0.769,0.371,C,-8.522,1,0.0326,0.733,3.73E-05,0.106,0.653,100.001,476JcJ3TpAuCOlGdCmomGm,3.75
93,2008,Love Song,Sara Bareilles,4,41,2008,3DZQ6mzUkAdHqZWzqxBKIK,0.71,0.598,F,-7.598,0,0.0319,0.508,0,0.0971,0.501,119.981,3DZQ6mzUkAdHqZWzqxBKIK,4.27
94,2008,Bleeding Love,Leona Lewis,1,39,2008,7wZUrN8oemZfsEd1CGkbXE,0.638,0.656,F,-5.886,1,0.0357,0.188,0,0.146,0.225,104.036,7wZUrN8oemZfsEd1CGkbXE,4.37
95,2008,The Time Of My Life,David Cook,3,20,2008,2JCTiiJQFWQNC0Zp8rsJRB,0.663,0.784,F#,-11.245,0,0.0438,0.125,0.00348,0.214,0.505,108.492,2JCTiiJQFWQNC0Zp8rsJRB,4.82
96,2008,Leavin',Jesse McCartney,10,24,2008,4cA2NmoE75r4yU7oeq4QGG,0.561,0.179,A#,-11.776,1,0.0373,0.864,1.61E-05,0.11,0.436,67.713,4cA2NmoE75r4yU7oeq4QGG,3.45
97,2008,Shake It,Metro Station,10,30,2008,0JbSghVDghtFEurrSO8JrC,0.645,0.904,D,-4.532,1,0.0462,0.0293,0,0.0834,0.671,105.97,0JbSghVDghtFEurrSO8JrC,3.76
98,2008,Bed,J. Holiday,5,23,2008,103u49mLoJUge83B1CnLxI,0.662,0.77,C,-4.887,1,0.0367,0.0875,0,0.35,0.769,132.057,103u49mLoJUge83B1CnLxI,2.79
99,2008,Paper Planes,M.I.A.,4,20,2008,1ixbwbeBi5ufN4noUKmW5a,0.447,0.848,D,-6.175,1,0.222,0.033,7.46E-05,0.65,0.485,172.253,1ixbwbeBi5ufN4noUKmW5a,3.42
100,2008,1234,Feist,8,15,2008,2CzWeyC9zlDpIOZPUUKrBW,0.71,0.484,D,-7.415,1,0.049,0.217,3.93E-06,0.0879,0.576,109.951,2CzWeyC9zlDpIOZPUUKrBW,3.06
101,2007,"Pop, Lock & Drop It",Huey,6,23,2007,6DbqCKweKwVkHgRv1CI53D,0.723,0.644,B,-6.863,0,0.222,0.00308,0,0.352,0.645,144.09,6DbqCKweKwVkHgRv1CI53D,4.35
102,2007,Hey There Delilah,Plain White T's,1,35,2007,4RCWB3V8V0dignt99LZ8vH,0.656,0.291,D,-10.572,1,0.0293,0.872,0,0.114,0.298,103.971,4RCWB3V8V0dignt99LZ8vH,3.88
103,2007,Walk It Out,Unk,10,36,2007,6PBAPjshd2JfEiWpdf3C2a,0.794,0.777,C#,-3.696,0,0.0813,0.0982,0,0.202,0.706,160.022,6PBAPjshd2JfEiWpdf3C2a,2.88
104,2007,Too Little Too Late,JoJo,3,22,2007,4T4NLIMypdmyUwK54jECk4,0.421,0.799,F#,-5.183,0,0.0562,0.00871,1.63E-05,0.0794,0.731,82.408,4T4NLIMypdmyUwK54jECk4,3.7
105,2007,A Bay Bay,Hurricane Chris,7,20,2007,0PFgeiQORt3eqq5OX7BxCc,0.578,0.572,G#,-8.378,1,0.0971,0.767,0,0.111,0.326,151.384,0PFgeiQORt3eqq5OX7BxCc,3.83
106,2007,Lips Of An Angel,Hinder,3,33,2007,40LQiUUUKXVGyNs09lHVjW,0.476,0.736,D,-5.38,1,0.0343,0.0217,1.08E-06,0.203,0.251,129.084,40LQiUUUKXVGyNs09lHVjW,4.36
107,2007,Welcome To The Black Parade,My Chemical Romance,9,26,2007,5wQnmLuC1W7ATsArWACrgW,0.217,0.905,D,-4.103,1,0.0752,0.000289,0.00011,0.222,0.236,96.95,5wQnmLuC1W7ATsArWACrgW,5.19
108,2007,Chasing Cars,Snow Patrol,5,45,2007,5hnyJvgoWiQUYZttV4wXy6,0.56,0.595,A,-4.53,1,0.0274,0.199,6.47E-05,0.132,0.144,104.011,5hnyJvgoWiQUYZttV4wXy6,4.47
109,2007,We Fly High,Jim Jones,5,27,2007,3RGyFugqjQjlL8XX0NW8dZ,0.506,0.799,C#,-6.58,1,0.38,0.0791,0,0.0929,0.461,120.405,3RGyFugqjQjlL8XX0NW8dZ,3.93
110,2007,White & Nerdy,"""Weird Al"" Yankovic",9,20,2007,60R2v9lheAu3lwZwAFxMZK,0.791,0.613,C#,-11.628,0,0.0763,0.0986,0,0.0765,0.896,143.017,60R2v9lheAu3lwZwAFxMZK,2.84
111,2007,This Is Why I'm Hot,Mims,1,23,2007,4Js2MCBgl8wupEjKewj0kT,0.674,0.756,C#,-4.927,1,0.471,0.856,0,0.105,0.861,78.708,4Js2MCBgl8wupEjKewj0kT,2.52
112,2007,Lip Gloss,Lil Mama,10,11,2007,1Y4ZdPOOgCUhBcKZOrUFiS,0.619,0.87,D,-4.956,1,0.501,0.41,1.37E-06,0.0571,0.94,188.772,1Y4ZdPOOgCUhBcKZOrUFiS,3.66
113,2007,Rehab,Amy Winehouse,9,20,2007,0zWbYGQq5O1KQd0iqzgjP6,0.549,0.242,F,-11.692,1,0.038,0.809,8.10E-05,0.127,0.286,144.211,0zWbYGQq5O1KQd0iqzgjP6,3.01
114,2007,What Time Is It,High School Musical 2 Cast,6,8,2007,6NqfslFfCCOyBQ0Xw8kN8E,0.742,0.913,F,-3.227,0,0.0773,0.122,0,0.329,0.704,116.029,6NqfslFfCCOyBQ0Xw8kN8E,3.3
115,2007,Party Like A Rockstar,Shop Boyz,2,22,2007,1IYaMVfidzSfvCUZYXhsU1,0.619,0.709,G,-4.633,1,0.0395,0.00541,0,0.507,0.68,144.972,1IYaMVfidzSfvCUZYXhsU1,4.22
116,2006,You're Beautiful,James Blunt,1,38,2006,0nZM3gXnFcNmbVGzMeqIXE,0.675,0.479,C,-9.87,0,0.0278,0.633,1.81E-05,0.0881,0.454,81.993,0nZM3gXnFcNmbVGzMeqIXE,3.49
117,2006,Beverly Hills,Weezer,10,43,2006,1yKu2MhpwzDXXH2tzG6xoa,0.693,0.823,F,-3.761,1,0.0726,0.0932,0,0.328,0.741,87.904,1yKu2MhpwzDXXH2tzG6xoa,3.27
118,2006,I'm Sprung,T-Pain,8,26,2006,7mEaVKlxsk8NPiLX4Jsw3p,0.791,0.462,C,-13.538,0,0.206,0.00659,2.44E-05,0.162,0.674,99.988,7mEaVKlxsk8NPiLX4Jsw3p,2.08
119,2006,There It Go! (The Whistle Song),Juelz Santana,6,24,2006,50UkypyQJbSQLaXHke5Yep,0.942,0.892,F#,-6.363,0,0.196,0.023,0.000897,0.264,0.595,100.007,50UkypyQJbSQLaXHke5Yep,3.01
120,2006,Laffy Taffy,D4L,1,26,2006,2ajhenDRiiAnCHHjsIOHhJ,0.891,0.439,G,-7.994,0,0.428,0.0351,0,0.0932,0.622,77.499,2ajhenDRiiAnCHHjsIOHhJ,3.74
121,2006,Everytime We Touch,Cascada,10,31,2006,5YJtMNWKe55yr49cyJgxva,0.633,0.976,G#,-5.362,1,0.0519,0.00281,1.29E-05,0.382,0.493,142.027,5YJtMNWKe55yr49cyJgxva,3.29
122,2006,Me & U,Cassie,3,27,2006,7k6IzwMGpxnRghE7YosnXT,0.803,0.454,G#,-4.802,0,0.0294,0.352,0,0.0655,0.739,99.99,7k6IzwMGpxnRghE7YosnXT,3.2
123,2006,It's Goin' Down,Yung Joc,3,28,2006,05Sgj1Hx03ZXc57gsV1kfX,0.888,0.577,C#,-7.702,0,0.0612,0.0986,0,0.131,0.609,84.003,05Sgj1Hx03ZXc57gsV1kfX,4.03
124,2006,Do I Make You Proud,Taylor Hicks,1,8,2006,25bu6rqqBZrYXuLaZaCzVs,0.564,0.419,C#,-10.8,1,0.0323,0.179,0,0.707,0.287,144.013,25bu6rqqBZrYXuLaZaCzVs,2.78
125,2006,(When You Gonna) Give It Up To Me,Sean Paul Feat. Keyshia Cole,3,22,2006,6k8uthjEbttfWXcGaNTQGD,0.711,0.761,G#,-3.04,1,0.225,0.067,0,0.041,0.718,95.824,6k8uthjEbttfWXcGaNTQGD,4.06
126,2006,Crazy,Gnarls Barkley,2,29,2006,3Ua0m0YmEjrMi9XErKcNiR,0.629,0.733,G,-5.445,1,0.0419,0.0025,0,0.357,0.362,120.001,3Ua0m0YmEjrMi9XErKcNiR,3.54
127,2006,Chain Hang Low,Jibbs,7,20,2006,0tYPj0NYa7vjlJaqlRSnJb,0.792,0.589,E,-6.869,0,0.262,0.0259,0.000128,0.114,0.778,157.147,0tYPj0NYa7vjlJaqlRSnJb,3.46
128,2006,Bad Day,Daniel Powter,1,32,2006,0mUyMawtxj1CJ76kn9gIZK,0.599,0.785,D#,-4.013,1,0.0309,0.448,0.00336,0.151,0.52,140.046,0mUyMawtxj1CJ76kn9gIZK,3.89
129,2006,What's Left Of Me,Nick Lachey,6,25,2006,1bPqAXwNiVcM6zjJU1Z4Cd,0.421,0.728,G,-5.644,1,0.035,0.136,0,0.136,0.311,150.12,1bPqAXwNiVcM6zjJU1Z4Cd,4.08
130,2005,Breathe,Fabolous,10,20,2005,0dGqP4VickYjtIaB5VOt4H,0.451,0.627,G#,-4.59,1,0.127,0.591,0.00958,0.118,0.77,74.69,0dGqP4VickYjtIaB5VOt4H,3.07
131,2005,Lean Back,Terror Squad,1,31,2005,2Ozc0me9PV5vlt8cokwdvI,0.783,0.916,C#,-3.344,1,0.415,0.11,0,0.0746,0.695,95.321,2Ozc0me9PV5vlt8cokwdvI,4.12
132,2005,Slow Down,Bobby Valentino,8,22,2005,2qxmye6gAegTMjLKEBoR3d,0.652,0.557,C#,-5.714,0,0.0318,0.74,0,0.124,0.483,150.073,2qxmye6gAegTMjLKEBoR3d,2.82
133,2005,Listen To Your Heart,D.H.T.,8,27,2005,1qIKynV6YQZgocodkPdCy7,0.539,0.583,C#,-4.935,0,0.0275,0.108,0,0.111,0.337,86.063,1qIKynV6YQZgocodkPdCy7,5.47
134,2005,Outta Control (Remix),50 Cent Feat. Mobb Deep,6,19,2005,7BKi4ZcyMBXeAvJ1OPxhdV,0.77,0.587,G#,-5.99,0,0.265,0.0268,0,0.0621,0.574,92.009,7BKi4ZcyMBXeAvJ1OPxhdV,4.13
135,2005,Mr. Brightside,The Killers,10,38,2005,003vvx7Niy0yvhvHt4a68B,0.352,0.911,C#,-5.23,1,0.0747,0.00121,0,0.0995,0.236,148.033,003vvx7Niy0yvhvHt4a68B,3.72
136,2005,Lonely No More,Rob Thomas,6,34,2005,4faFAhOflLzhfJECveRwva,0.551,0.896,A,-3.152,0,0.109,0.033,0,0.0899,0.858,171.79,4faFAhOflLzhfJECveRwva,3.78
137,2005,Grind With Me,Pretty Ricky,7,22,2005,3B7i9OKRRmIsSBHEbJz58Y,0.7,0.538,C#,-5.952,1,0.045,0.000204,0,0.105,0.189,136.518,3B7i9OKRRmIsSBHEbJz58Y,3.96
138,2005,Inside Your Heaven,Bo Bice,2,7,2005,3w8xlZi49MQuQkyyB5bi5e,0.377,0.565,G,-4.74,1,0.0312,0.112,1.65E-06,0.204,0.14,134.542,3w8xlZi49MQuQkyyB5bi5e,3.75
139,2005,Play,David Banner,7,20,2005,42VsgItocQwOQC3XWZ8JNA,0.569,0.882,D#,-2.777,0,0.06,0.0316,0,0.142,0.201,148.038,42VsgItocQwOQC3XWZ8JNA,3.2
140,2005,1 Thing,Amerie,8,20,2005,1rXq0uoV4KTgRN64jXzIxo,0.613,0.914,G,-5.153,1,0.03,0.00522,2.21E-06,0.26,0.916,141.978,1rXq0uoV4KTgRN64jXzIxo,3.45
141,2005,I Don't Want To Be,Gavin DeGraw,10,28,2005,41zXlQxzTi6cGAjpOXyLYH,0.483,0.412,G,-8.461,1,0.0402,0.737,0,0.116,0.247,170.163,41zXlQxzTi6cGAjpOXyLYH,3.39
142,2005,My Boo,Usher And Alicia Keys,1,26,2005,6pcywuOeGGWeOQzdUyti6k,0.847,0.733,A#,-6.439,0,0.16,0.00574,1.04E-05,0.151,0.202,130.029,6pcywuOeGGWeOQzdUyti6k,3.23
143,2004,It's My Life,No Doubt,10,28,2004,0v1XpBHnsbkCn7iJ9Ucr1l,0.551,0.913,C,-4.063,0,0.0466,0.0263,1.35E-05,0.347,0.544,119.992,0v1XpBHnsbkCn7iJ9Ucr1l,3.74
144,2004,My Band,D12,6,18,2004,4XHQyvbrBsQaaBUW1VvmsL,0.851,0.849,C#,-3.383,0,0.0828,0.497,2.05E-06,0.116,0.844,120.014,4XHQyvbrBsQaaBUW1VvmsL,4.98
145,2004,On Fire,Lloyd Banks,8,20,2004,5ya0TmUQw2wHMkq36rPsnd,0.461,0.887,B,-4.871,0,0.0429,0.000219,0,0.104,0.411,95.964,5ya0TmUQw2wHMkq36rPsnd,3.17
146,2004,Milkshake,Kelis,3,22,2004,2s0ouHqJebHfiQ6C1GUFJd,0.891,0.77,C#,-6.124,1,0.0439,0.00862,0.0315,0.155,0.819,112.997,2s0ouHqJebHfiQ6C1GUFJd,3.04
147,2004,Overnight Celebrity,Twista,6,20,2004,2tOZtdbkAMQASWokLvSlzj,0.828,0.792,A#,-5.435,0,0.179,0.182,0,0.281,0.777,134.199,2tOZtdbkAMQASWokLvSlzj,3.89
148,2004,Tipsy,J-Kwon,2,30,2004,0jSMveIWvnhDIvzqN74Uc7,0.925,0.744,C,-5.79,1,0.367,0.0644,0,0.0888,0.656,93.02,0jSMveIWvnhDIvzqN74Uc7,4.05
149,2004,The Reason,Hoobastank,2,38,2004,77loZpT5Y5PRP1S451P9Yz,0.472,0.671,E,-4.649,1,0.029,0.0129,0,0.159,0.0681,82.952,77loZpT5Y5PRP1S451P9Yz,3.88
150,2004,I Believe,Fantasia,1,10,2004,3G7tRC24Uh09Hmp1KZ7LQ2,0.526,0.775,C,-6.05,1,0.0352,0.707,2.05E-05,0.217,0.962,80.106,3G7tRC24Uh09Hmp1KZ7LQ2,2.79
151,2004,Freek-A-Leek,Petey Pablo,7,39,2004,4MeDnO5yA2Zi6IMlVApRci,0.756,0.691,D,-3.718,1,0.178,0.0744,0,0.364,0.632,104.999,4MeDnO5yA2Zi6IMlVApRci,3.92
152,2004,Dip It Low,Christina Milian,5,30,2004,4L55p6txv9vuCWhpNnY6eY,0.754,0.718,B,-4.209,0,0.111,0.0122,0.000111,0.0923,0.576,169.116,4L55p6txv9vuCWhpNnY6eY,3.35
153,2004,Pieces Of Me,Ashlee Simpson,5,21,2004,7yXibbAYi4to5oQTeO738f,0.532,0.807,D,-4.301,1,0.057,0.0584,0,0.114,0.759,87.183,7yXibbAYi4to5oQTeO738f,3.62
154,2003,How You Gonna Act Like That,Tyrese,7,25,2003,3OUApyz3jDB3syGUNGqB1d,0.733,0.521,D#,-3.657,0,0.0457,0.107,0,0.0692,0.525,112.913,3OUApyz3jDB3syGUNGqB1d,4.91
155,2003,God Bless The U.S.A.,American Idol Finalists,4,8,2003,623lYBOJ7bLwh1bu3yeN5V,0.299,0.422,F,-9.977,1,0.0285,0.0873,0,0.182,0.168,67.797,623lYBOJ7bLwh1bu3yeN5V,3.19
156,2003,"Never Leave You - Uh Ooh, Uh Oooh!",Lumidee,3,20,2003,3YE1DVMf46E45C3W9ybeWf,0.803,0.643,C,-5.612,1,0.34,0.0796,0.153,0.078,0.768,199.969,3YE1DVMf46E45C3W9ybeWf,3.08
157,2003,Right Thurr,Chingy,2,33,2003,0l3GEbH3CviUytD6iX4wzg,0.866,0.749,D,-3.977,1,0.253,0.15,0,0.0614,0.891,92.074,0l3GEbH3CviUytD6iX4wzg,4.18
158,2002,It's Been Awhile,Staind,5,46,2002,25CMmGsl22APKhfuj4Tp7j,0.509,0.774,F#,-4.054,1,0.0338,0.00189,0.000549,0.143,0.0824,116.529,25CMmGsl22APKhfuj4Tp7j,4.41
159,2002,Blurry,Puddle Of Mudd,5,38,2002,6lSr3iZTC144PKhvbPFzMp,0.431,0.938,D#,-4.507,0,0.0542,0.00805,0,0.138,0.523,157.462,6lSr3iZTC144PKhvbPFzMp,5.07
160,2002,Oops (Oh My),Tweet,7,20,2002,5Y0E3dOeynKuLDAXu0t0Bg,0.66,0.536,A#,-8.786,0,0.29,0.233,0.00669,0.111,0.775,159.963,5Y0E3dOeynKuLDAXu0t0Bg,3.96
161,2002,All You Wanted,Michelle Branch,6,28,2002,0kr6d8wHDQPlzuET33NVn6,0.499,0.72,G#,-9.101,1,0.0286,0.00466,0.00303,0.122,0.652,96.103,0kr6d8wHDQPlzuET33NVn6,3.63
162,2002,7 Days,Craig David,10,20,2002,0fO1pBw5d9elBhAo0OleA0,0.445,0.786,E,-6.677,1,0.0431,0.36,0.0243,0.103,0.315,144.027,0fO1pBw5d9elBhAo0OleA0,3.8
163,2002,Wherever You Will Go,The Calling,5,45,2002,5QpaGzWp0hwB5faV8dkbAz,0.558,0.719,D,-5.113,1,0.0267,0.0367,0,0.115,0.371,112.027,5QpaGzWp0hwB5faV8dkbAz,3.48
164,2002,Nothin',N.O.R.E.,10,24,2002,0mEdbdeRFQwBhN4xfyIeUM,0.596,0.62,F,-6.133,0,0.039,0.0122,0,0.82,0.102,80.029,0mEdbdeRFQwBhN4xfyIeUM,4.53
165,2002,A Thousand Miles,Vanessa Carlton,5,41,2002,4w1lzcaoZ1IC2K5TwjalRP,0.56,0.825,B,-3.862,1,0.0379,0.323,0,0.161,0.268,94.931,4w1lzcaoZ1IC2K5TwjalRP,3.96
166,2002,Gotta Get Thru This,Daniel Bedingfield,10,21,2002,747tpec1a0Hfqvj2za1pBs,0.837,0.765,G,-5.007,0,0.0631,0.0852,7.08E-05,0.1,0.912,133.57,747tpec1a0Hfqvj2za1pBs,2.69
167,2002,The Middle,Jimmy Eat World,5,33,2002,6GG73Jik4jUlQCkKg9JuGO,0.643,0.849,D,-5.428,1,0.0526,0.0371,0,0.058,0.903,162.152,6GG73Jik4jUlQCkKg9JuGO,2.76
168,2001,It Wasn't Me,"Shaggy Feat. Ricardo ""RikRok"" Ducent",1,25,2001,3WkibOpDF7cQ5xntM1epyf,0.853,0.606,C,-4.596,1,0.0713,0.0561,0,0.313,0.654,94.759,3WkibOpDF7cQ5xntM1epyf,3.79
169,2001,Gotta Tell You,Samantha Mumba,4,22,2001,1rj0XawWJNisX7SGYexowJ,0.739,0.75,C,-4.513,0,0.0278,0.205,0,0.157,0.758,109.983,1rj0XawWJNisX7SGYexowJ,3.34
170,2001,Dance With Me,Debelah Morgan,8,29,2001,2tUBqZG2AbRi7Q0BIrVrEj,0.709,0.824,C#,-8.824,1,0.0453,0.207,0.000307,0.0888,0.867,118.818,2tUBqZG2AbRi7Q0BIrVrEj,4.85
171,2001,Case Of The Ex (Whatcha Gonna Do),Mya,2,30,2001,1ak0S3NhwWrUgNlQhJ1412,0.774,0.684,C#,-4.721,0,0.0408,0.0687,9.34E-05,0.0765,0.354,98.001,1ak0S3NhwWrUgNlQhJ1412,3.95
172,2001,Drive,Incubus,9,39,2001,4pCbJC43j3gSqG6Fen6upD,0.583,0.351,C,-5.836,1,0.0306,0.494,0,0.368,0.462,79.014,4pCbJC43j3gSqG6Fen6upD,3.79
173,2001,He Loves U Not,Dream,2,28,2001,6xUeKifxyG3C9oFYlzPEGs,0.722,0.926,G#,-5.849,1,0.209,0.0945,2.70E-06,0.128,0.605,155.898,6xUeKifxyG3C9oFYlzPEGs,3.78
174,2001,Butterfly,Crazy Town,1,23,2001,2cYqizR4lgvp4Qu6IQ3qGN,0.763,0.628,B,-5.85,1,0.05,0.0531,0,0.114,0.193,140.958,2cYqizR4lgvp4Qu6IQ3qGN,3.18
175,2001,Stranger In My House,Tamia,10,21,2001,3byhGb1jyYOj8uNhA1UXoO,0.654,0.621,G,-8.608,1,0.027,0.0038,0.000435,0.167,0.626,111.901,3byhGb1jyYOj8uNhA1UXoO,4.22
176,2001,Get Over Yourself,Eden's Crush,8,14,2001,0sr84SDJ9VN4EB7p2mWGur,0.523,0.787,A,-7.909,1,0.0778,0.0307,0,0.154,0.505,84.072,0sr84SDJ9VN4EB7p2mWGur,3.33
177,2001,Missing You,Case,4,22,2001,1Qrdlkgg9I4J7r3P4kZNwr,0.552,0.552,B,-9.736,0,0.0364,0.052,0,0.046,0.593,208.571,1Qrdlkgg9I4J7r3P4kZNwr,4.5
178,2001,Never Had A Dream Come True,S Club 7,10,20,2001,0fIG0HBRIjLRNDHAogtwSB,0.639,0.534,F,-5.588,1,0.0281,0.508,0,0.0948,0.434,122.931,0fIG0HBRIjLRNDHAogtwSB,4.01
179,2001,My Baby,Lil' Romeo,3,14,2001,2aBxt229cbLDOvtL7Xbb9x,0.65,0.531,E,-8.335,1,0.0364,0.457,0,0.249,0.487,78.946,2aBxt229cbLDOvtL7Xbb9x,4.3
180,2001,Follow Me,Uncle Kracker,5,33,2001,4KoecuyOpZaNFZ0UqVsllc,0.817,0.585,F,-4.688,1,0.0301,0.439,0,0.147,0.916,105.014,4KoecuyOpZaNFZ0UqVsllc,3.64
181,2001,Thank You,Dido,3,39,2001,1hz7SRTGUNAtIQ46qiNv2p,0.518,0.492,A#,-8.436,0,0.193,0.216,0.0012,0.146,0.471,78.848,1hz7SRTGUNAtIQ46qiNv2p,6.26
182,2001,What Would You Do?,City High,8,28,2001,4ewmHD3aRBmLyTsbGreNLw,0.79,0.613,A,-5.911,1,0.0698,0.288,0,0.0912,0.729,105.02,4ewmHD3aRBmLyTsbGreNLw,2.78
183,2001,Hit 'Em Up Style (Oops!),Blu Cantrell,2,34,2001,4zYTZvtcww7OWKie7fxA9E,0.667,0.773,F,-4.983,0,0.0586,0.201,0,0.404,0.667,89.976,4zYTZvtcww7OWKie7fxA9E,4.18
184,2001,Where The Party At,Jagged Edge With Nelly,3,29,2001,5mNV8Mz59bzyuQ53gTw0c0,0.596,0.661,F,-6.239,0,0.226,0.31,0,0.0847,0.86,129.491,5mNV8Mz59bzyuQ53gTw0c0,3.88
185,2000,Blue (Da Ba Dee),Eiffel 65,6,20,2000,2yAVzRiEQooPEJ9SYx11L3,0.822,0.969,G,-11.471,0,0.0582,0.259,0.000153,0.39,0.765,128.007,2yAVzRiEQooPEJ9SYx11L3,4.73
186,2000,Mambo No. 5 (A Little Bit Of...),Lou Bega,3,22,2000,6x4tKaOzfNJpEJHySoiJcs,0.622,0.807,F,-6.752,0,0.408,0.103,0,0.306,0.892,174.06,6x4tKaOzfNJpEJHySoiJcs,3.67
187,2000,Steal My Sunshine,Len,9,25,2000,4agp6oHofabdUedr0B1krj,0.412,0.829,E,-11.112,1,0.529,0.394,0,0.108,0.677,191.476,4agp6oHofabdUedr0B1krj,4.43
188,2000,I Wanna Love You Forever,Jessica Simpson,3,20,2000,5gZEhPrN1VLqTG1nIAXeNK,0.59,0.666,E,-4.047,0,0.0244,0.156,0,0.136,0.0743,104.042,5gZEhPrN1VLqTG1nIAXeNK,4.4
189,2000,U Know What's Up,Donell Jones,7,24,2000,2E43WFS4rRc09za2r2GmZl,0.558,0.924,A,-4.341,0,0.064,0.0271,3.32E-06,0.537,0.567,151.99,2E43WFS4rRc09za2r2GmZl,3.11
190,2000,24/7,Kevon Edmonds,10,20,2000,05QUYSOApWLr8oBbpONl7p,0.664,0.549,F#,-7.282,1,0.036,0.202,0,0.122,0.408,149.98,05QUYSOApWLr8oBbpONl7p,2.78
191,2000,Everything You Want,Vertical Horizon,1,41,2000,4cKGldbhGJniI8BrB3K6tb,0.636,0.761,D#,-6.389,0,0.0306,0.0517,0,0.0642,0.736,93.896,4cKGldbhGJniI8BrB3K6tb,4.28
192,2000,I Wanna Know,Joe,4,44,2000,5FVd6KXrgO9B3JPmC8OPst,0.548,0.532,F,-7.596,1,0.0323,0.186,0.000263,0.217,0.405,85.03,5FVd6KXrgO9B3JPmC8OPst,4.54
193,2000,All The Small Things,Blink-182,6,23,2000,2m1hi0nfMR9vdGC8UcrnwU,0.434,0.897,C,-4.918,1,0.0488,0.0103,0,0.612,0.684,148.726,2m1hi0nfMR9vdGC8UcrnwU,2.78
194,2000,It Feels So Good,Sonique,8,24,2000,4Y8q64VnhD0vFYy9g2WFpi,0.634,0.677,F,-7.278,0,0.0304,0.0117,0.00103,0.126,0.558,135.012,4Y8q64VnhD0vFYy9g2WFpi,4.01
195,2000,Amazed,Lonestar,1,55,2000,6qc34bnVOyqGDPni8H5W0U,0.561,0.543,C#,-8.498,1,0.0324,0.26,0,0.124,0.243,139.803,6qc34bnVOyqGDPni8H5W0U,4.01
196,2000,I Try,Macy Gray,5,27,2000,7kt9e9LFSpN1zQtYEl19o1,0.515,0.476,A,-9.843,1,0.0328,0.314,4.74E-05,0.171,0.412,135.886,7kt9e9LFSpN1zQtYEl19o1,3.25
197,2000,Bag Lady,Erykah Badu,6,20,2000,3ISKxnCGKc5B9zr9CTUB3v,0.669,0.663,A#,-6.377,0,0.0276,0.129,0.0671,0.0694,0.584,109.995,3ISKxnCGKc5B9zr9CTUB3v,4.66
198,2000,No More,Ruff Endz,5,26,2000,2KvHC9z14GSl4YpkNMX384,0.618,0.693,G,-5.943,0,0.45,0.246,0,0.112,0.454,170.982,2KvHC9z14GSl4YpkNMX384,4.73
199,2000,Absolutely (Story Of A Girl),Nine Days,6,27,2000,3mNecsYFb6LQg7822DPXCP,0.481,0.94,G,-5.204,1,0.066,0.000891,0,0.0939,0.66,96.493,3mNecsYFb6LQg7822DPXCP,3.16
200,2000,Back At One,Brian McKnight,2,37,2000,6mwA6YiKDjAUG8kWvRRUPh,0.661,0.346,B,-9.115,1,0.03,0.452,0,0.131,0.256,129.752,6mwA6YiKDjAUG8kWvRRUPh,4.39
201,2000,We Can't Be Friends,Deborah Cox With R.L.,8,20,2000,6x959m2QDvatSwUAVCHIuf,0.776,0.68,A#,-10.088,1,0.0389,0.179,0,0.483,0.962,92.481,6x959m2QDvatSwUAVCHIuf,3.84
202,1999,Give It To You,Jordan Knight,10,20,1999,6k8uthjEbttfWXcGaNTQGD,0.711,0.761,G#,-3.04,1,0.225,0.067,0,0.041,0.718,95.824,6k8uthjEbttfWXcGaNTQGD,4.06
203,1999,Stay The Same,Joey McIntyre,10,14,1999,5R6NuttGhlDnHy7HRuJkhL,0.671,0.611,C,-6.431,0,0.283,0.662,0,0.0855,0.591,150.102,5R6NuttGhlDnHy7HRuJkhL,2.35
204,1999,Touch It,Monifah,9,26,1999,1HfsmNlg8xxhOr9N2i4Q0n,0.714,0.68,D#,-5.989,1,0.026,0.135,1.82E-06,0.229,0.934,108.001,1HfsmNlg8xxhOr9N2i4Q0n,3.03
205,1999,One Week,Barenaked Ladies,1,20,1999,7CyPwkp0oE8Ro9Dd5CUDjW,0.522,0.641,G#,-6.287,1,0.0318,0.0545,0,0.162,0.202,87.51,7CyPwkp0oE8Ro9Dd5CUDjW,4.08
206,1999,I'll Be,Edwin McCain,5,24,1999,0phwM5a6TdLBDl0F9bk5fl,0.571,0.499,B,-5.515,1,0.404,0.554,0,0.0908,0.755,126.434,0phwM5a6TdLBDl0F9bk5fl,3.74
207,1999,Lately,Divine,1,27,1999,5uKeg9x7ykaz7xe13vL1hg,0.751,0.503,C#,-10.419,0,0.0962,0.218,0.00486,0.136,0.17,100.016,5uKeg9x7ykaz7xe13vL1hg,1.3
208,1999,Lately,Divine,1,27,1999,5uKeg9x7ykaz7xe13vL1hg,0.751,0.503,C#,-10.419,0,0.0962,0.218,0.00486,0.136,0.17,100.016,5uKeg9x7ykaz7xe13vL1hg,1.3
209,1999,Doo Wop (That Thing),Lauryn Hill,1,21,1999,0uEp9E98JB5awlA084uaIg,0.535,0.505,D,-8.926,0,0.245,0.0393,0,0.0923,0.495,99.935,0uEp9E98JB5awlA084uaIg,5.34
210,1999,Lullaby,Shawn Mullins,7,18,1999,1GiwvmI57OTGcKGNigZFJb,0.704,0.677,F,-6.135,1,0.0288,0.426,3.29E-06,0.118,0.715,92.021,1GiwvmI57OTGcKGNigZFJb,2.86
211,1999,Nobody's Supposed To Be Here,Deborah Cox,2,29,1999,51QxenFmXlJXUN9mpvxlaL,0.662,0.531,G#,-5.3,1,0.0361,0.202,1.16E-05,0.595,0.399,119.957,51QxenFmXlJXUN9mpvxlaL,4.37
212,1999,Love Like This,Faith Evans,7,20,1999,2PWTZV5znjLtZC5T1EVJvL,0.422,0.44,B,-5.53,1,0.0544,0.617,0,0.0837,0.332,128.934,2PWTZV5znjLtZC5T1EVJvL,2.01
213,1999,C'est La Vie,B*Witched,9,15,1999,3QqOcLtTU8zzlQRJCZzttP,0.881,0.782,A,-3.657,1,0.0803,0.06,0,0.0616,0.774,142.119,3QqOcLtTU8zzlQRJCZzttP,2.67
214,1999,You,Jesse Powell,10,20,1999,0bYg9bo50gSsH3LtXe2SQn,0.336,0.627,G,-7.463,1,0.0384,0.164,0,0.0708,0.35,150.273,0bYg9bo50gSsH3LtXe2SQn,4.02
215,1999,Please Remember Me,Tim McGraw,10,20,1999,5u7BDyugDW7ZXkXdCxU9JC,0.465,0.54,C#,-7.097,1,0.0277,0.177,2.82E-06,0.106,0.234,75.88,5u7BDyugDW7ZXkXdCxU9JC,4.94
216,1999,Chante's Got A Man,Chante Moore,10,18,1999,6v4UCusR4LTRlM5WHBUyxQ,0.75,0.645,C#,-6.399,0,0.0576,0.201,0,0.0582,0.506,111.569,6v4UCusR4LTRlM5WHBUyxQ,4.42
217,1999,Kiss Me,Sixpence None The Richer,2,33,1999,754kgU5rWscRTfvlsuEwFp,0.526,0.749,D#,-6.964,1,0.0283,0.023,1.76E-06,0.0692,0.421,99.982,754kgU5rWscRTfvlsuEwFp,3.48
218,1999,Fortunate,Maxwell,4,25,1999,4BP3uh0hFLFRb5cjsgLqDh,0.64,0.663,C,-7.516,1,0.0374,0.201,0.00806,0.152,0.663,132.77,4BP3uh0hFLFRb5cjsgLqDh,2.35
219,1999,Lost In You,Garth Brooks as Chris Gaines,5,10,1999,5BIY4jMiYsp5QKKE05AXUF,0.77,0.607,F,-12.02,0,0.115,0.337,0,0.121,0.791,90.028,5BIY4jMiYsp5QKKE05AXUF,1.68
220,1999,All Star,Smash Mouth,4,30,1999,3GCdLUSnKSMJhs4Tj6CV3s,0.698,0.633,G#,-4.946,1,0.0597,0.0605,0.000194,0.0926,0.552,96.924,3GCdLUSnKSMJhs4Tj6CV3s,3.87
221,1999,Save Tonight,Eagle-Eye Cherry,5,28,1999,1t2Hq2WIBcZINOEnK6mdJG,0.547,0.693,C,-8.786,1,0.0353,9.24E-05,5.46E-05,0.113,0.583,119.567,1t2Hq2WIBcZINOEnK6mdJG,3.99
222,1998,Daydreamin',Tatyana Ali,6,17,1998,69w5X6uTrOaWM32IetSzvO,0.707,0.811,E,-5.298,0,0.0304,0.311,0.0152,0.131,0.899,113.971,69w5X6uTrOaWM32IetSzvO,3.12
223,1998,They Don't Know,Jon B,7,31,1998,0b5w1gamS9f239Sms9guAB,0.699,0.388,F#,-10.722,1,0.0531,0.588,1.98E-06,0.0658,0.566,125.858,0b5w1gamS9f239Sms9guAB,4.58
224,1998,How Do I Live,LeAnn Rimes,2,69,1998,7BD50ATrF3Vab5FQy7vtK8,0.577,0.462,D,-7.989,1,0.0279,0.128,0,0.0822,0.258,128.303,7BD50ATrF3Vab5FQy7vtK8,4.45
225,1998,Sex And Candy,Marcy Playground,8,28,1998,5mkGfmJGFZpwK9nA5amOhv,0.67,0.558,D,-9.159,1,0.0251,0.238,0,0.106,0.63,80.511,5mkGfmJGFZpwK9nA5amOhv,2.89
226,1998,Say It,Voices Of Theory,10,31,1998,2Gk6fi0dqt91NKvlzGsmm7,0.773,0.635,A#,-5.06,1,0.0452,0.0585,0,0.132,0.476,121.879,2Gk6fi0dqt91NKvlzGsmm7,2.89
227,1998,Crush,Jennifer Paige,3,25,1998,11qh54D0PKkBwelpDxxiEU,0.5,0.225,C,-10.22,1,0.0302,0.842,0,0.112,0.355,173.788,11qh54D0PKkBwelpDxxiEU,3.22
228,1998,When The Lights Go Out,Five,10,26,1998,7xY5PbhYQgCCbpfpn7HDT9,0.679,0.689,C,-7.208,1,0.0586,0.0208,0.1,0.243,0.431,115.067,7xY5PbhYQgCCbpfpn7HDT9,3.31
229,1998,Never Ever,All Saints,4,19,1998,5YqltLsjdqFtvqE7Nrysvs,0.567,0.686,G,-6.139,1,0.175,0.0317,1.86E-06,0.0732,0.716,172.014,5YqltLsjdqFtvqE7Nrysvs,3.22
230,1998,Time After Time,Inoj,6,16,1998,7o9uu2GDtVDr9nsR7ZRN73,0.726,0.449,C,-9.206,1,0.0286,0.487,1.34E-06,0.0824,0.294,130.388,7o9uu2GDtVDr9nsR7ZRN73,4.02
231,1998,I Don't Ever Want To See You Again,Uncle Sam,6,28,1998,4oJEy4qDPwDk5ac26yEMeL,0.607,0.497,B,-7.017,1,0.0374,0.38,0,0.0681,0.407,125.951,4oJEy4qDPwDk5ac26yEMeL,5.75
232,1998,Body Bumpin' Yippie-Yi-Yo,Public Announcement,5,22,1998,3EdakRU1Y7pc8QXcON3vlz,0.779,0.423,B,-5.238,0,0.038,0.182,0,0.183,0.326,121.962,3EdakRU1Y7pc8QXcON3vlz,4.6
233,1998,Gone Till November,Wyclef Jean,7,20,1998,2LTJYsWOqsjntJpRy2HpY6,0.478,0.537,B,-8.378,0,0.111,0.248,0,0.271,0.384,82.902,2LTJYsWOqsjntJpRy2HpY6,2.68
234,1998,Tubthumping,Chumbawamba,6,31,1998,22HYEJveCvykVDHDiEEmjZ,0.348,0.88,D,-7.366,1,0.0978,0.128,0,0.357,0.606,101.185,22HYEJveCvykVDHDiEEmjZ,4.65
235,1998,My Body,LSG,4,20,1998,2aEuXA1KswHlCGPOuPmCOW,0.714,0.665,E,-7.736,0,0.0509,0.0996,0,0.226,0.842,78.515,2aEuXA1KswHlCGPOuPmCOW,3.41
236,1998,Feel So Good,Mase,5,20,1998,7hfRrdFJgFKK3cJ4rmkecE,0.821,0.703,B,-8.464,0,0.24,0.192,0,0.0816,0.536,105.154,7hfRrdFJgFKK3cJ4rmkecE,3.39
237,1998,Sunny Came Home,Shawn Colvin,7,32,1998,4mOxpj82q6n3EO7HBZCelX,0.558,0.579,B,-8.05,0,0.0324,0.342,0.00831,0.0989,0.403,167.812,4mOxpj82q6n3EO7HBZCelX,4.4
238,1998,Barbie Girl,Aqua,7,16,1998,5ZrDlcxIDZyjOzHdYW1ydr,0.812,0.879,C#,-10.998,0,0.0397,0.0167,0.224,0.366,0.962,129.991,5ZrDlcxIDZyjOzHdYW1ydr,3.3
239,1997,Where Do You Go,No Mercy,5,39,1997,7tV6JEHoUvSaC6fbrI428J,0.45,0.377,D,-6.908,1,0.0377,0.55,0,0.151,0.352,100.764,7tV6JEHoUvSaC6fbrI428J,3.43
240,1997,I Belong To You (Every Time I See Your Face),Rome,6,26,1997,1nP6feYWJVpbO41aezFtm2,0.759,0.337,C,-11.034,0,0.0351,0.026,0,0.0753,0.329,117.846,1nP6feYWJVpbO41aezFtm2,4.55
241,1997,Macarena (Bayside Boys Mix),Los Del Rio,1,60,1997,0a3SUpxyMCdPy6mrFH4YJF,0.766,0.74,C#,-8.581,1,0.0417,0.0185,0.695,0.0576,0.902,112.979,0a3SUpxyMCdPy6mrFH4YJF,3.41
242,1997,Mouth,Merril Bainbridge,4,30,1997,1fEGtTZjrjJW8eUeewnNJR,0.369,0.403,D#,-7.996,1,0.0259,0.827,0.0541,0.106,0.177,154.899,1fEGtTZjrjJW8eUeewnNJR,4.03
243,1997,I Love You Always Forever,Donna Lewis,2,41,1997,1PEqh7awkpuepLBSq8ZwqD,0.744,0.453,F,-11.977,1,0.0348,0.627,0.421,0.0898,0.122,103.773,1PEqh7awkpuepLBSq8ZwqD,4
244,1997,Where Have All The Cowboys Gone?,Paula Cole,8,21,1997,2ck13qfgRZ1msyEJlDqzvk,0.588,0.826,B,-6.182,0,0.0569,0.0351,0,0.454,0.621,129.021,2ck13qfgRZ1msyEJlDqzvk,4.39
245,1997,It's Your Love,Tim McGraw With Faith Hill,7,20,1997,503sFkc8Y2eyGnM6cu8kHm,0.474,0.528,G,-8.588,1,0.0276,0.526,0,0.109,0.364,144.366,503sFkc8Y2eyGnM6cu8kHm,3.79
246,1997,Bitch,Meredith Brooks,2,30,1997,34sOdxWu9FljH84UXdRwu1,0.43,0.692,F#,-4.234,1,0.0429,0.254,4.17E-06,0.148,0.401,156.261,34sOdxWu9FljH84UXdRwu1,2.76
247,1997,Return Of The Mack,Mark Morrison,2,40,1997,3jDdpx9PMlfMBS5tOBHFm9,0.715,0.833,D,-5.379,1,0.108,0.00631,0,0.164,0.612,95.487,3jDdpx9PMlfMBS5tOBHFm9,3.55
248,1997,The Freshmen,The Verve Pipe,5,42,1997,21jEuMn2lf37715rwjow2M,0.571,0.505,C#,-9.312,0,0.0238,0.0757,1.04E-05,0.109,0.276,99.562,21jEuMn2lf37715rwjow2M,4.49
249,1996,Lady,D'Angelo,10,20,1996,7mXuWTczZNxG5EDcjFEuJR,0.646,0.736,F,-7.118,0,0.0449,0.216,0,0.415,0.873,140.098,7mXuWTczZNxG5EDcjFEuJR,3.55
250,1996,Roll To Me,Del Amitri,10,36,1996,64UioB4Nmwgn2f4cbIpAkl,0.752,0.684,C,-7.599,1,0.15,0.0994,0,0.0897,0.539,141.075,64UioB4Nmwgn2f4cbIpAkl,2.94
251,1996,Tell Me,Groove Theory,5,33,1996,0lizgQ7Qw35od7CYaoMBZb,0.525,0.621,G,-7.364,1,0.116,0.0489,0,0.294,0.591,191.9,0lizgQ7Qw35od7CYaoMBZb,3.4
252,1996,Breakfast At Tiffany's,Deep Blue Something,5,36,1996,1uzWOoJdADfstQuFtQFTUn,0.622,0.829,D,-5.548,1,0.029,0.11,0,0.0954,0.539,110.367,1uzWOoJdADfstQuFtQFTUn,4.29
253,1996,One Of Us,Joan Osborne,4,22,1996,7lOZ311mLUjPELoPjogwlU,0.624,0.841,C,-3.868,0,0.0355,0.0131,0,0.235,0.512,144.964,7lOZ311mLUjPELoPjogwlU,2.97
254,1996,Wonderwall,Oasis,8,20,1996,7ygpwy2qP3NbrxVkHvUhXY,0.375,0.893,D,-4.097,1,0.0406,0.000509,0,0.187,0.434,174.323,7ygpwy2qP3NbrxVkHvUhXY,4.31
255,1996,Back For Good,Take That,7,30,1996,6vcdzohhBSbNdsZBh5IRpQ,0.601,0.504,F,-9.761,1,0.0284,0.31,0,0.137,0.564,78.986,6vcdzohhBSbNdsZBh5IRpQ,4.04
256,1996,Be My Lover,La Bouche,6,38,1996,2aQpISWUBToaF84DDiTeRV,0.589,0.973,G#,-5.317,1,0.0426,0.0347,0.000945,0.45,0.115,126.003,2aQpISWUBToaF84DDiTeRV,2.83
257,1996,Missing,Everything But The Girl,2,55,1996,1Qrdlkgg9I4J7r3P4kZNwr,0.552,0.552,B,-9.736,0,0.0364,0.052,0,0.046,0.593,208.571,1Qrdlkgg9I4J7r3P4kZNwr,4.5
258,1996,Until It Sleeps,Metallica,10,20,1996,63aVbch5VRXtQnCITdeDTZ,0.562,0.919,G#,-4.458,0,0.0293,0.000223,0.113,0.142,0.728,113.357,63aVbch5VRXtQnCITdeDTZ,4.49
259,1996,Nobody Knows,The Tony Rich Project,2,47,1996,7A0FGrZsLgOUmeNtMTnt4z,0.634,0.382,A,-12.877,1,0.0363,0.759,0.0021,0.101,0.2,81.971,7A0FGrZsLgOUmeNtMTnt4z,3.14
260,1996,C'mon N' Ride It (The Train),Quad City DJ's,3,42,1996,0R2wAvZXgAUJpZ93BEE8og,0.801,0.755,B,-5.17,1,0.0326,0.0536,0,0.0471,0.919,140.01,0R2wAvZXgAUJpZ93BEE8og,4.61
261,1996,Carnival,Natalie Merchant,10,31,1996,0jOnZhF75V68VsBObWx2XO,0.169,0.0161,A,-31.034,0,0.0442,0.986,0.86,0.0805,0.0573,128.143,0jOnZhF75V68VsBObWx2XO,2.9
262,1996,Run-Around,Blues Traveler,8,49,1996,500Tkm3vJmVtdUwdCVxCTb,0.629,0.867,G,-7.307,1,0.0603,0.0865,0,0.126,0.876,151.695,500Tkm3vJmVtdUwdCVxCTb,4.66
263,1995,He's Mine,MoKenStef,7,23,1995,7ETjhPaIU4UmHOiimJBZz9,0.639,0.713,F,-4.368,0,0.0337,0.0539,0,0.102,0.717,86.1,7ETjhPaIU4UmHOiimJBZz9,2.69
264,1995,I Know,Dionne Farris,4,38,1995,6wsqVwoiVH2kde4k4KKAFU,0.927,0.619,F,-4.441,0,0.0539,0.0186,0,0.104,0.817,117.995,6wsqVwoiVH2kde4k4KKAFU,3.53
265,1995,I Got 5 On It,Luniz,8,25,1995,4IYKjN1DrYzxKXt0umJqsG,0.6,0.706,A#,-7.899,0,0.361,0.209,0,0.125,0.58,173.926,4IYKjN1DrYzxKXt0umJqsG,4.23
266,1995,Total Eclipse Of The Heart,Nicki French,2,27,1995,7wuJGgpTNzbUyn26IOY6rj,0.431,0.723,G#,-5.887,1,0.0568,0.145,0,0.374,0.19,130.141,7wuJGgpTNzbUyn26IOY6rj,4.46
267,1995,I Believe,Blessid Union Of Souls,8,31,1995,3G7tRC24Uh09Hmp1KZ7LQ2,0.526,0.775,C,-6.05,1,0.0352,0.707,2.05E-05,0.217,0.962,80.106,3G7tRC24Uh09Hmp1KZ7LQ2,2.79
268,1995,Freak Like Me,Adina Howard,2,30,1995,6Vas6h9lB5mmeVDXdFqlQA,0.655,0.837,B,-6.04,0,0.0723,0.0262,5.85E-06,0.0454,0.66,91.014,6Vas6h9lB5mmeVDXdFqlQA,4.23
269,1995,You Gotta Be,Des'ree,5,44,1995,4IZOdhEvXYWqh5XAXYzBk3,0.461,0.65,B,-5.372,1,0.0293,0.187,0,0.111,0.488,149.873,4IZOdhEvXYWqh5XAXYzBk3,3.1
270,1995,Candy Rain,Soul For Real,2,25,1995,4j1Bk0BEIGCF9hR7cSwl9d,0.59,0.699,B,-7.529,0,0.079,0.00389,4.69E-05,0.0577,0.63,188.268,4j1Bk0BEIGCF9hR7cSwl9d,4.6
271,1995,If You Love Me,Brownstone,8,27,1995,6qeaVZVHspTujI14G31W5s,0.692,0.883,G,-4.698,1,0.0582,0.0512,0,0.228,0.614,122.984,6qeaVZVHspTujI14G31W5s,3.07
272,1995,I'm The Only One,Melissa Etheridge,8,40,1995,5RYtz3cpYb28SV8f1FBtGc,0.709,0.517,F,-7.047,1,0.0535,0.49,0,0.0729,0.559,82.034,5RYtz3cpYb28SV8f1FBtGc,3.72
273,1995,Sukiyaki,4PM,8,32,1995,6meIeOX3DHdaCnaNw67abE,0.415,0.359,G,-11.094,1,0.0334,0.707,6.53E-05,0.319,0.404,146.029,6meIeOX3DHdaCnaNw67abE,3.16
274,1995,Before I Let You Go,BLACKstreet,7,27,1995,2rkVoKVEMuct8SmEIGKzBw,0.67,0.468,C#,-6.725,0,0.0328,0.325,0,0.0516,0.486,140.069,2rkVoKVEMuct8SmEIGKzBw,5
275,1995,Tootsee Roll,69 Boyz,8,38,1995,0SAIjVOwxVnO1l9HGvLuOU,0.869,0.725,A,-12.507,0,0.256,0.0453,0,0.203,0.699,132.989,0SAIjVOwxVnO1l9HGvLuOU,4.36
276,1995,Wild Night,John Mellencamp With Me'Shell Ndegeocello,3,42,1995,1A7hIo1C8jacIQ5ZiCjc8g,0.568,0.714,G,-7.139,1,0.0445,0.174,0,0.0429,0.955,146.338,1A7hIo1C8jacIQ5ZiCjc8g,3.56
277,1995,Never Lie,Immature,5,26,1995,2GGh5FxKXI7bEJ6rFzsRbG,0.504,0.842,E,-5.699,0,0.444,0.133,0,0.107,0.396,179.855,2GGh5FxKXI7bEJ6rFzsRbG,2.31
278,1995,Flava In Ya Ear,Craig Mack,9,25,1995,4JYUDRtPZuVNi7FAnbHyux,0.52,0.847,A,-5.3,1,0.427,0.272,0,0.325,0.799,177.371,4JYUDRtPZuVNi7FAnbHyux,5.03
279,1994,Hey Mr. D.J.,Zhane,6,24,1994,6eB35pgMXdfhz5Z0WjwF1O,0.865,0.557,D,-8.018,1,0.0612,0.0221,0.00353,0.0973,0.859,101.295,6eB35pgMXdfhz5Z0WjwF1O,4.21
280,1994,This D.J.,Warren G,9,20,1994,2ImuQo1g14CTR9hZAZD3aQ,0.804,0.443,F#,-10.268,0,0.134,0.0312,0.0225,0.112,0.58,92.035,2ImuQo1g14CTR9hZAZD3aQ,3.38
281,1994,Funkdafied,Da Brat,6,20,1994,29VrHhpC5AS9b7XJYDPhqb,0.802,0.461,B,-12.367,0,0.302,0.0757,0,0.109,0.74,90.995,29VrHhpC5AS9b7XJYDPhqb,3.1
282,1994,Mmm Mmm Mmm Mmm,Crash Test Dummies,4,24,1994,5dntGTbUtmUO239wQ0k3yM,0.659,0.718,G,-5.607,0,0.0507,0.202,1.01E-06,0.2,0.297,136.96,5dntGTbUtmUO239wQ0k3yM,3.21
283,1994,Loser,Beck,10,24,1994,5PntSbMHC1ud6Vvl8x56qd,0.654,0.611,D,-10.45,1,0.119,0.0337,0.000178,0.405,0.786,85.387,5PntSbMHC1ud6Vvl8x56qd,3.92
284,1994,Gin And Juice,Snoop Doggy Dogg,8,20,1994,39QBkWKnap8wRSW4WB9OK0,0.603,0.762,E,-7.744,0,0.285,0.0953,1.53E-05,0.478,0.379,94.726,39QBkWKnap8wRSW4WB9OK0,3.53
285,1994,Cantaloop (Flip Fantasia),US3,9,27,1994,2AnTuxahfcAS7dGxGZnihY,0.852,0.655,F,-11.498,0,0.0645,0.107,2.07E-05,0.137,0.952,115.962,2AnTuxahfcAS7dGxGZnihY,4.66
286,1994,Getto Jam,Domino,7,20,1994,2mGxDOaHdBWnJY7V0In8Vx,0.802,0.547,A,-12.085,1,0.131,0.0312,1.34E-06,0.326,0.492,86.576,2mGxDOaHdBWnJY7V0In8Vx,4.32
287,1994,Whoomp! (There It Is),Tag Team,2,45,1994,3oWXoSkjdbTlQlteizN7Hb,0.798,0.639,E,-7.391,0,0.0424,0.00141,0,0.0836,0.421,129.443,3oWXoSkjdbTlQlteizN7Hb,3.75
288,1994,Linger,The Cranberries,8,24,1994,0gEyKnHvgkrkBM6fbeHdwK,0.439,0.434,G,-14.918,1,0.0265,0.0783,4.87E-05,0.14,0.204,94.845,0gEyKnHvgkrkBM6fbeHdwK,4.58
289,1994,Shoop,Salt-N-Pepa,4,25,1994,0Pu71wxadDlB8fJXfjIjeJ,0.939,0.675,C,-7.232,1,0.211,0.0915,0,0.0565,0.795,96.918,0Pu71wxadDlB8fJXfjIjeJ,4.14
290,1994,Gangsta Lean,DRS,4,20,1994,4lK208g4CpAn8ZwirAuaiQ,0.792,0.618,C#,-6.737,1,0.0531,0.143,0,0.111,0.15,132.031,4lK208g4CpAn8ZwirAuaiQ,2.15
291,1994,I'd Do Anything For Love (But I Won't Do That),Meat Loaf,1,22,1994,57udlq7E7Fg0NWMkJAexP9,0.238,0.791,A#,-4.311,1,0.0399,0.109,0,0.325,0.25,153.931,57udlq7E7Fg0NWMkJAexP9,3.37
292,1993,Informer,Snow,1,25,1993,2LjiPAQOVazT8sRyXL3XRs,0.763,0.742,F#,-10.975,0,0.188,0.0984,0,0.38,0.483,98.145,2LjiPAQOVazT8sRyXL3XRs,4.48
293,1993,I'm Gonna Be (500 Miles),The Proclaimers,3,20,1993,7Auxc2xfUFCjuk6XjoCdqt,0.578,0.742,E,-8.555,0,0.0504,0.0576,3.91E-05,0.181,0.606,81.991,7Auxc2xfUFCjuk6XjoCdqt,4.88
294,1993,Show Me Love,Robin S.,5,28,1993,44bZbArsAjauOJDbT3mW53,0.497,0.465,C#,-12.73,1,0.234,0.0354,0.125,0.0795,0.704,194.052,44bZbArsAjauOJDbT3mW53,3.16
295,1993,Runaway Train,Soul Asylum,5,26,1993,3TW48DvQ7ChwY1Yy1tkMaP,0.613,0.72,C,-7.957,1,0.0425,0.0132,0,0.104,0.561,117.341,3TW48DvQ7ChwY1Yy1tkMaP,4.43
296,1993,Lately,Jodeci,4,24,1993,5uKeg9x7ykaz7xe13vL1hg,0.751,0.503,C#,-10.419,0,0.0962,0.218,0.00486,0.136,0.17,100.016,5uKeg9x7ykaz7xe13vL1hg,1.3
297,1993,Lately,Jodeci,4,24,1993,5uKeg9x7ykaz7xe13vL1hg,0.751,0.503,C#,-10.419,0,0.0962,0.218,0.00486,0.136,0.17,100.016,5uKeg9x7ykaz7xe13vL1hg,1.3
298,1993,Knockin' Da Boots,H-Town,3,25,1993,6x53SJOV1PAZ8ZUwH4NFXQ,0.726,0.501,C#,-13.884,0,0.154,0.155,0,0.0893,0.582,128.099,6x53SJOV1PAZ8ZUwH4NFXQ,5.52
299,1993,Two Princes,Spin Doctors,7,29,1993,0cuq829zRNq4AEdmDJA4aw,0.544,0.905,G,-10.732,1,0.0646,0.00165,1.97E-06,0.0532,0.825,103.594,0cuq829zRNq4AEdmDJA4aw,4.28
300,1993,Don't Walk Away,Jade,4,35,1993,7n6Zwr9JmTKQ6XjjYOjdLF,0.516,0.448,A#,-11.403,0,0.313,0.721,0,0.122,0.494,89.682,7n6Zwr9JmTKQ6XjjYOjdLF,6.41
301,1993,Freak Me,Silk,1,24,1993,0AluA5RNsa4Cx6XRhf2hWZ,0.81,0.353,F#,-9.931,0,0.31,0.588,0,0.102,0.0727,88.031,0AluA5RNsa4Cx6XRhf2hWZ,3.47
302,1993,Ditty,Paperboy,10,30,1993,7hARdySaXWuTLeqBrYP2xf,0.909,0.633,C#,-7.923,1,0.307,0.0921,0.63,0.238,0.433,145.075,7hARdySaXWuTLeqBrYP2xf,2.16
303,1993,7,Prince And The New Power Generation,7,23,1993,3dPQuX8Gs42Y7b454ybpMR,0.743,0.446,E,-7.807,0,0.0683,0.0039,0.118,0.337,0.278,123.596,3dPQuX8Gs42Y7b454ybpMR,3.87
304,1993,Rump Shaker,Wreckx-N-Effect,2,28,1993,4dY4JVC0Q9CwpeZ6JAclIc,0.888,0.822,F,-6.843,0,0.219,0.0025,0.0197,0.303,0.233,102.753,4dY4JVC0Q9CwpeZ6JAclIc,5.21
305,1993,How Do You Talk To An Angel,The Heights,1,20,1993,2QVHmiFTjFsHyxONRdbkcq,0.404,0.51,A,-11.353,1,0.0321,0.281,6.32E-06,0.0789,0.526,80.643,2QVHmiFTjFsHyxONRdbkcq,3.79
306,1993,Sometimes Love Just Ain't Enough,Patty Smyth,2,24,1993,3CUV8wsoTTKznGpEovrnZw,0.561,0.442,A#,-10.687,1,0.0243,0.329,0,0.24,0.267,82.996,3CUV8wsoTTKznGpEovrnZw,4.46
307,1993,Jump Around,House Of Pain,3,30,1993,7L93GESzq43UkKUt5FsOCq,0.811,0.823,E,-5.921,0,0.0423,0.0553,4.52E-06,0.158,0.827,106.929,7L93GESzq43UkKUt5FsOCq,3.64
308,1993,Slam,Onyx,4,20,1993,3CnK206lwL8j2ETlzBC9go,0.553,0.572,C#,-6.703,1,0.039,0.000115,0,0.115,0.168,135.036,3CnK206lwL8j2ETlzBC9go,2.68
309,1992,Stay,Shakespear's Sister,4,20,1992,6GXgd1BPD9bUpqw5AntGV5,0.586,0.72,C,-5.556,1,0.035,0.000718,0,0.0949,0.481,97.057,6GXgd1BPD9bUpqw5AntGV5,3.22
310,1992,Life Is A Highway,Tom Cochrane,6,26,1992,5gB2IrxOCX2j9bMnHKP38i,0.562,0.934,F,-5.562,1,0.0607,0.00211,0,0.199,0.558,103.042,5gB2IrxOCX2j9bMnHKP38i,4.59
311,1992,Achy Breaky Heart,Billy Ray Cyrus,4,25,1992,2EoIt9vdgFRNW03u5IvFsQ,0.8,0.563,A,-10.209,1,0.0303,0.051,0,0.0797,0.961,121.808,2EoIt9vdgFRNW03u5IvFsQ,3.39
312,1992,I Wonder Why,Curtis Stigers,9,20,1992,3wwo0bJvDSorOpNfzEkfXx,0.635,0.537,G,-7.895,0,0.0832,0.172,0,0.418,0.383,125.028,3wwo0bJvDSorOpNfzEkfXx,3.59
313,1992,Set The Night To Music,Roberta Flack With Maxi Priest,6,20,1992,7KliUWt470SHZX8pKl3CT7,0.19,0.0542,C,-20.29,1,0.0405,0.962,0.477,0.103,0.362,168.375,7KliUWt470SHZX8pKl3CT7,1.91
314,1992,Smells Like Teen Spirit,Nirvana,6,20,1992,5ghIJDpPoe3CfHMGu71E6T,0.502,0.912,C#,-4.556,1,0.0564,2.55E-05,0.000173,0.106,0.72,116.761,5ghIJDpPoe3CfHMGu71E6T,5.03
315,1992,Finally,CeCe Peniston,5,33,1992,4HJJh915LuQpMjEO0tFwhx,0.166,0.00398,E,-34.203,1,0.0515,0.861,0.906,0.112,0.113,128.278,4HJJh915LuQpMjEO0tFwhx,2.67
316,1992,I'm Too Sexy,Right Said Fred,1,21,1992,3qEODCkVZpKfTqbNsorj8j,0.622,0.867,C,-9.157,0,0.0508,0.00465,0.00274,0.0809,0.87,132.022,3qEODCkVZpKfTqbNsorj8j,4.72
317,1992,To Be With You,Mr. Big,1,24,1992,0eifvmNPHWaSh4IKNR4Xva,0.688,0.284,E,-13.577,1,0.0574,0.359,0,0.127,0.482,83.433,0eifvmNPHWaSh4IKNR4Xva,3.47
318,1992,Beauty And The Beast,Celine Dion And Peabo Bryson,9,20,1992,1h9sbBtqXjji9nnBsxaxNR,0.432,0.0877,G#,-27.006,1,0.068,0.995,0.922,0.117,0.149,79.203,1h9sbBtqXjji9nnBsxaxNR,2.78
319,1992,Breakin' My Heart (Pretty Brown Eyes),Mint Condition,6,24,1992,18sytW2s53Of6NVudQyUlH,0.672,0.52,G,-9.965,0,0.0407,0.0985,1.28E-06,0.0365,0.551,137.213,18sytW2s53Of6NVudQyUlH,5.95
320,1992,Live And Learn,Joe Public,4,21,1992,1l2B9MSxxP570fk7oRDwNk,0.72,0.653,C#,-5.443,1,0.195,0.202,0,0.06,0.964,158.111,1l2B9MSxxP570fk7oRDwNk,2.53
321,1992,Jump,Kris Kross,1,21,1992,7N3PAbqfTjSEU1edb2tY8j,0.572,0.835,C,-6.219,1,0.0317,0.171,0.000377,0.0702,0.795,129.981,7N3PAbqfTjSEU1edb2tY8j,4.03
322,1992,Please Don't Go,K.W.S.,6,26,1992,6DHPLbudo5JXNdUlG7zDcC,0.683,0.554,F#,-7.487,0,0.05,0.379,0.00011,0.0845,0.452,85.455,6DHPLbudo5JXNdUlG7zDcC,3.02
323,1992,The Best Things In Life Are Free,Luther Vandross And Janet Jackson With BBD And Ralph Tresvant,10,20,1992,6jF3FFsAvliEqH0mWrkOla,0.603,0.693,C#,-7.832,1,0.425,0.16,0,0.315,0.795,136.507,6jF3FFsAvliEqH0mWrkOla,1.53
324,1992,Baby Got Back,Sir Mix-A-Lot,1,28,1992,1SAkL1mYNJlaqnBQxVZrRl,0.926,0.669,C#,-11.271,1,0.301,0.0051,0,0.0887,0.642,128.462,1SAkL1mYNJlaqnBQxVZrRl,4.38
325,1991,The One And Only,Chesney Hawkes,10,20,1991,6zOg9gP62RJSsKFeOBAgvH,0.764,0.525,G#,-5.969,1,0.048,0.0296,0,0.0993,0.787,95.813,6zOg9gP62RJSsKFeOBAgvH,4.82
326,1991,Something To Talk About,Bonnie Raitt,5,20,1991,19Xbs8nrPaB4XGK5nVBbFC,0.612,0.934,A,-5.126,0,0.0663,0.049,0,0.103,0.293,130.002,19Xbs8nrPaB4XGK5nVBbFC,3.41
327,1991,Wind Of Change,Scorpions,4,25,1991,3ovjw5HZZv43SxTwApooCM,0.452,0.524,C,-10.108,1,0.0351,0.315,0,0.103,0.246,151.505,3ovjw5HZZv43SxTwApooCM,5.21
328,1991,3 A.M. Eternal,The KLF,5,19,1991,5xLYRX8S5vRuwM6TT9iLXw,0.221,0.282,B,-12.259,1,0.0436,0.985,0.00014,0.142,0.171,155.558,5xLYRX8S5vRuwM6TT9iLXw,1.78
329,1991,Temptation,Corina,6,21,1991,3gJDgenxLephg09x86IxPs,0.775,0.707,A#,-5.339,0,0.152,0.397,0,0.874,0.78,104.979,3gJDgenxLephg09x86IxPs,4.07
330,1991,P.A.S.S.I.O.N.,Rhythm Syndicate,2,17,1991,1h03RlDAS9H7QWX82HdO9x,0.571,0.987,C,-5.401,0,0.0343,0.045,0.905,0.302,0.891,131.85,1h03RlDAS9H7QWX82HdO9x,3.78
331,1991,Place In This World,Michael W. Smith,6,21,1991,73OX8GdpOeGzKC6OvGSbsv,0.576,0.777,A,-2.881,1,0.0324,0.051,0,0.32,0.428,115.028,73OX8GdpOeGzKC6OvGSbsv,3.32
332,1991,Unbelievable,EMF,1,23,1991,5VYTKiOnHw4iTrB9pG3yum,0.636,0.848,C#,-6.854,1,0.0362,0.000339,0.0402,0.141,0.934,104.073,5VYTKiOnHw4iTrB9pG3yum,3.5
333,1991,Gypsy Woman (She's Homeless),Crystal Waters,8,16,1991,1SShxVVBeZBCY7WddnksPz,0.484,0.641,F,-12.612,1,0.0377,0.000779,0.278,0.0738,0.181,119.981,1SShxVVBeZBCY7WddnksPz,7.53
334,1991,Silent Lucidity,Queensryche,9,17,1991,6OSyCAmXT4Gkd3OQ2aPOaF,0.462,0.628,G,-5.659,1,0.0274,0.0534,0.00025,0.12,0.0981,140.049,6OSyCAmXT4Gkd3OQ2aPOaF,5.8
335,1991,I Touch Myself,Divinyls,4,18,1991,6oNvmplQGUkmAh441Teows,0.66,0.711,F,-10.211,1,0.0334,0.181,7.47E-06,0.0647,0.726,109.328,6oNvmplQGUkmAh441Teows,3.79
336,1991,I've Been Thinking About You,Londonbeat,1,19,1991,0ljyDzqD8DEro3JIrF0Zxb,0.689,0.711,A#,-6.344,0,0.0375,0.0263,0.00764,0.0368,0.632,113.657,0ljyDzqD8DEro3JIrF0Zxb,3.15
337,1991,One More Try,Timmy T.,1,25,1991,5932kbyNt445gDTT2chRUS,0.551,0.291,F,-12.544,1,0.0283,0.434,3.78E-05,0.11,0.0823,119.005,5932kbyNt445gDTT2chRUS,5.84
338,1991,Close To You,Maxi Priest,1,30,1991,06Qo2fYR2KS1F7bL338iVT,0.781,0.655,D,-7.073,0,0.0457,0.114,0.00249,0.103,0.493,113.031,06Qo2fYR2KS1F7bL338iVT,2.85
339,1991,Rico Suave,Gerardo,7,18,1991,27yTXIaIJkYtbV4pvbiQWD,0.79,0.54,F#,-9.885,1,0.157,0.0463,2.73E-05,0.12,0.66,100.014,27yTXIaIJkYtbV4pvbiQWD,2.62
340,1991,This House,Tracie Spencer,3,23,1991,2ye9iWj5V4g6k6HFeTTAKa,0.466,0.403,E,-10.441,0,0.0502,0.59,9.51E-05,0.1,0.0967,75.033,2ye9iWj5V4g6k6HFeTTAKa,4.15
341,1991,Get Here,Oleta Adams,5,23,1991,5xYI4ZcyAHq3ruRnFazHnN,0.559,0.815,E,-4.671,1,0.0316,0.00713,0,0.139,0.622,134.052,5xYI4ZcyAHq3ruRnFazHnN,3.37
342,1991,Wicked Game,Chris Isaak,6,24,1991,7w5AOd6HrDIHewHfpABEss,0.663,0.296,A,-18.09,1,0.0294,0.68,0.00837,0.0879,0.359,112.306,7w5AOd6HrDIHewHfpABEss,4.82
343,1991,High Enough,Damn Yankees,3,29,1991,7tqhbajSfrz2F7E1Z75ASX,0.663,0.6,G,-10.87,1,0.032,0.43,0,0.184,0.8,129.991,7tqhbajSfrz2F7E1Z75ASX,2.53
344,1991,Sensitivity,Ralph Tresvant,4,20,1991,3lRgzwd3g1TewI4zjgbh9V,0.683,0.661,C#,-12.823,1,0.0459,0.137,0.557,0.0772,0.707,96.956,3lRgzwd3g1TewI4zjgbh9V,4.69
345,1991,Because I Love You (The Postman Song),Stevie B,1,23,1991,6GWAYg3cZzizs3FAJzdydD,0.22,0.339,C#,-8.082,1,0.037,0.812,0,0.139,0.0887,61.764,6GWAYg3cZzizs3FAJzdydD,5.11
346,1991,Groove Is In The Heart,Deee-Lite,4,23,1991,2He3NOyqtLNE3RQPpeDdSb,0.694,0.881,C#,-4.053,0,0.0701,0.0153,0.0196,0.0851,0.924,121.554,2He3NOyqtLNE3RQPpeDdSb,3.86
347,1991,More Than Words Can Say,Alias,2,23,1991,1EB3Z38oKDKVp4K2yEO2dl,0.412,0.376,E,-11.789,1,0.0289,0.609,0.00223,0.11,0.153,69.064,1EB3Z38oKDKVp4K2yEO2dl,3.9
348,1991,Knockin' Boots,Candyman,9,23,1991,2opQESZb7JsRKCvWMBPeuv,0.728,0.682,D,-3.749,1,0.218,0.127,0,0.337,0.643,131.901,2opQESZb7JsRKCvWMBPeuv,3.33
349,1991,I Don't Have The Heart,James Ingram,1,26,1991,5In7xBveNACCRX2uWNoPuW,0.487,0.423,D,-8.181,1,0.0243,0.658,0,0.109,0.334,88.883,5In7xBveNACCRX2uWNoPuW,4.23
350,1991,Do Anything,Natural Selection,2,21,1991,4uVjbl6daCwjhDur7qLddu,0.395,0.917,G#,-6.86,1,0.133,0.00143,0,0.261,0.563,169.088,4uVjbl6daCwjhDur7qLddu,3.29
351,1990,Back To Life,Soul II Soul,4,28,1990,7vvRkLPIvfjjmCIqNxBuEZ,0.817,0.484,G,-11.659,1,0.143,0.0515,0.000213,0.0391,0.671,100.978,7vvRkLPIvfjjmCIqNxBuEZ,3.8
352,1990,Free Fallin',Tom Petty,7,21,1990,5tVA6TkbaAH9QMITTQRrNv,0.623,0.449,F,-13.333,1,0.0253,0.212,0,0.0613,0.572,84.383,5tVA6TkbaAH9QMITTQRrNv,4.27
353,1990,This Old Heart Of Mine,Rod Stewart With Ronald Isley,10,16,1990,5c33j1xFVOL4G24zxYhssB,0.632,0.59,F,-10.206,1,0.0305,0.346,0,0.24,0.953,130.287,5c33j1xFVOL4G24zxYhssB,2.88
354,1990,Epic,Faith No More,9,21,1990,4ReyTz0y3TGkX48wO3Llot,0.358,0.893,E,-7.486,0,0.12,0.0222,0.0524,0.126,0.262,174.238,4ReyTz0y3TGkX48wO3Llot,4.89
355,1990,If Wishes Came True,Sweet Sensation,1,20,1990,5gAdATsfINRIljv4LbrKX2,0.493,0.453,D#,-10.878,1,0.0248,0.0944,0.00467,0.1,0.188,143.725,5gAdATsfINRIljv4LbrKX2,5.25
356,1990,Jerk Out,The Time,9,15,1990,5XMjXjwCkJVmk0AHm7z8IV,0.58,0.981,G#,-2.603,0,0.06,0.0171,1.07E-05,0.386,0.861,134.007,5XMjXjwCkJVmk0AHm7z8IV,3.26
357,1990,Enjoy The Silence,Depeche Mode,8,24,1990,4wGSg2Qqpt2sGCWuAZj6EN,0.626,0.667,C,-11.817,0,0.0283,0.209,0.000257,0.0779,0.83,112.776,4wGSg2Qqpt2sGCWuAZj6EN,4.29
358,1990,Girls Nite Out,Tyler Collins,6,21,1990,3gdRAqIYW6WxHZw7YzfeT0,0.805,0.19,C#,-19.27,1,0.0457,0.22,0.942,0.0852,0.76,79.987,3gdRAqIYW6WxHZw7YzfeT0,5.16
359,1990,Two To Make It Right,Seduction,2,23,1990,6GS6uE1vDmtzxO8GztAR2O,0.772,0.598,G,-10.857,0,0.0429,0.204,0.00345,0.513,0.717,114.419,6GS6uE1vDmtzxO8GztAR2O,4.7
360,1990,Nothing Compares 2 U,Sinead O'Connor,1,21,1990,5GHY1DFWKz3Prg2V0Iodqo,0.512,0.574,F,-7.016,1,0.0273,0.0425,2.31E-05,0.105,0.161,119.917,5GHY1DFWKz3Prg2V0Iodqo,4.67
361,1990,Ooh La La (I Can't Get Over You),Perfect Gentlemen,10,16,1990,2obTnCmXErghJPwnXFw4tV,0.645,0.328,G,-11.329,0,0.0275,0.481,0,0.0812,0.296,136.433,2obTnCmXErghJPwnXFw4tV,4.77
362,1990,I Wanna Be Rich,Calloway,2,23,1990,5bqNu0YfNOZpgl34bcJiFQ,0.733,0.781,C,-10.265,1,0.0857,0.0352,0.00793,0.147,0.869,114.181,5bqNu0YfNOZpgl34bcJiFQ,5.07
363,1990,Sending All My Love,Linear,5,27,1990,6zNPPFFrxmhpTQejOn1Wm1,0.703,0.517,G,-13.644,1,0.0529,0.000407,0.0969,0.0963,0.768,104.833,6zNPPFFrxmhpTQejOn1Wm1,3.9
364,1990,Don't Wanna Fall In Love,Jane Child,2,21,1990,5jgSrGvhtJ2aaLoYXGmwOC,0.685,0.532,G,-6.966,1,0.041,0.133,0,0.0686,0.223,109.062,5jgSrGvhtJ2aaLoYXGmwOC,3.27
365,1990,All Around The World,Lisa Stansfield,3,22,1990,1D2Aldrksl9yWWCIPOeDzy,0.733,0.859,A,-5.03,0,0.033,0.479,0.0645,0.105,0.52,124.948,1D2Aldrksl9yWWCIPOeDzy,2.46
366,1990,Black Velvet,Alannah Myles,1,24,1990,1KU5EHSz04JhGg3rReGJ0N,0.754,0.366,G#,-10.07,1,0.0312,0.273,9.04E-05,0.106,0.469,91.147,1KU5EHSz04JhGg3rReGJ0N,4.79
367,1990,Just A Friend,Biz Markie,9,22,1990,2x7MyWybabEz6Y6wvHuwGE,0.822,0.739,C#,-4.541,0,0.0311,0.0264,4.26E-05,0.181,0.745,118.992,2x7MyWybabEz6Y6wvHuwGE,4.03
368,1990,Get Up! (Before The Night Is Over),Technotronic,7,20,1990,2MOOJh1xUgND4rLjB6h4jY,0.79,0.727,F#,-11.84,0,0.105,0.00418,0.000162,0.0628,0.67,123.958,2MOOJh1xUgND4rLjB6h4jY,5.62
369,1990,No More Lies,Michel'le,7,29,1990,62tGzw9OJOwDcjPBnMPCuj,0.602,0.835,A#,-4.573,0,0.0413,0.0921,6.43E-05,0.138,0.496,97.992,62tGzw9OJOwDcjPBnMPCuj,5.45
370,1990,Opposites Attract,Paula Abdul (Duet With The Wild Pair),1,23,1990,7z38bideBRvGAgjXe2SECm,0.783,0.842,C#,-8.838,1,0.054,0.0337,2.57E-06,0.0519,0.933,117.79,7z38bideBRvGAgjXe2SECm,4.42
371,1990,Bust A Move,Young M.C.,7,39,1990,3IeCYkdKI55mNMl2o4vX0k,0.946,0.772,E,-7.537,0,0.121,0.0512,2.26E-06,0.0612,0.743,116.972,3IeCYkdKI55mNMl2o4vX0k,4.4
372,1989,Second Chance,Thirty Eight Special,6,21,1989,0CwYG1UnRmOx8Q1EzElCIL,0.46,0.796,C,-4.501,0,0.0333,0.00107,0,0.106,0.182,100.011,0CwYG1UnRmOx8Q1EzElCIL,3.7
373,1989,I Remember Holding You,Boys Club,8,21,1989,1vg9QIylIW01JyfvDtfd4H,0.609,0.843,D,-7.973,0,0.0447,0.307,0.000598,0.0517,0.762,92.48,1vg9QIylIW01JyfvDtfd4H,4.88
374,1989,When I'm With You,Sheriff,1,28,1989,6yJmxPGazR55GAQdyHPf6q,0.307,0.623,F,-5.612,1,0.0287,0.00015,0,0.0913,0.346,168.904,6yJmxPGazR55GAQdyHPf6q,2.9
375,1989,Walk The Dinosaur,Was (Not Was),7,16,1989,3sF4ayG84hfGW9TbxU0jc7,0.813,0.776,B,-6.694,0,0.0332,0.00847,0.00717,0.1,0.316,116.965,3sF4ayG84hfGW9TbxU0jc7,2.99
376,1989,Heaven Help Me,Deon Estus With George Michael,5,16,1989,2fV1D2YYFYreZXNDhqxk4D,0.513,0.627,D#,-7.455,1,0.0429,0.64,2.79E-06,0.165,0.109,143.988,2fV1D2YYFYreZXNDhqxk4D,3.37
377,1989,So Alive,Love And Rockets,3,20,1989,3NU9STY416ZioZ9YeTueBA,0.593,0.584,C#,-7.33,1,0.0455,0.346,0,0.183,0.135,160.029,3NU9STY416ZioZ9YeTueBA,2.2
378,1989,Cry,Waterfront,10,17,1989,3p4hRhMcb6ch8OLtATMaLw,0.406,0.399,G,-10.449,1,0.0278,0.756,0.678,0.112,0.163,142.83,3p4hRhMcb6ch8OLtATMaLw,4.28
379,1989,Where Are You Now?,Jimmy Harnen With Synch,10,36,1989,3uUuGVFu1V7jTQL60S1r8z,0.671,0.636,F#,-8.117,0,0.103,0.515,0.000411,0.172,0.262,120.966,3uUuGVFu1V7jTQL60S1r8z,2.47
380,1989,Close My Eyes Forever,Lita Ford (Duet With Ozzy Osbourne),8,25,1989,43thLwzSasUUZEYjYPeJh3,0.476,0.331,F,-14.884,1,0.0305,0.31,2.82E-06,0.172,0.24,130.574,43thLwzSasUUZEYjYPeJh3,4.72
381,1989,Once Bitten Twice Shy,Great White,5,26,1989,07nxmAxwhY51juyImllKD2,0.722,0.54,C,-14.025,1,0.0303,0.028,0.00319,0.133,0.608,131.676,07nxmAxwhY51juyImllKD2,5.38
382,1989,Waiting For A Star To Fall,Boy Meets Girl,5,25,1989,09huOVRryZNV2deKFZLJDC,0.662,0.844,D#,-6.034,1,0.027,0.145,0.00011,0.137,0.592,116.346,09huOVRryZNV2deKFZLJDC,4.51
383,1989,Love Song,The Cure,2,17,1989,3DZQ6mzUkAdHqZWzqxBKIK,0.71,0.598,F,-7.598,0,0.0319,0.508,0,0.0971,0.501,119.981,3DZQ6mzUkAdHqZWzqxBKIK,4.27
384,1989,Angel Eyes,The Jeff Healey Band,5,22,1989,63w0QA1wiV7QhF9jeiHETF,0.656,0.696,G#,-5.917,1,0.0261,0.0134,0,0.0753,0.966,108.015,63w0QA1wiV7QhF9jeiHETF,3.11
385,1988,I Want To Be Your Man,Roger,3,21,1988,7lJgjvQRJEXcdu19n3Zn5T,0.408,0.513,G#,-12.146,1,0.0762,0.0468,0,0.112,0.426,81.925,7lJgjvQRJEXcdu19n3Zn5T,4.19
386,1988,Just Got Paid,Johnny Kemp,10,21,1988,7bNFkCSO1ofu3uzr6voY7T,0.567,0.687,A,-10.536,1,0.0435,0.29,0.426,0.121,0.625,99.93,7bNFkCSO1ofu3uzr6voY7T,4.46
387,1988,Do You Love Me,The Contours,3,34,1988,3zHq9ouUJQFQRf3cm1rRLu,0.262,0.606,G#,-6.646,1,0.0484,0.247,0,0.125,0.275,189.857,3zHq9ouUJQFQRf3cm1rRLu,4.21
388,1988,Rush Hour,Jane Wiedlin,9,19,1988,09VACB0akCnPueTFnjN5Pn,0.602,0.472,F#,-5.375,0,0.265,0.262,0,0.172,0.304,163.817,09VACB0akCnPueTFnjN5Pn,3.36
389,1988,Nite And Day,Al B. Sure!,7,21,1988,5wfllwdjglyQislkskYLBv,0.881,0.441,B,-6.278,0,0.0646,0.48,9.08E-06,0.119,0.804,138.014,5wfllwdjglyQislkskYLBv,3.69
390,1988,Shattered Dreams,Johnny Hates Jazz,2,19,1988,2LQb3iYBzoxbxct2IexjBc,0.377,0.506,B,-4.773,0,0.157,0.00889,1.15E-06,0.482,0.787,145.254,2LQb3iYBzoxbxct2IexjBc,2.35
391,1988,Two Occasions,The Deele,10,21,1988,0mt80ksFAwPHXyAlArU5Yc,0.543,0.667,A,-9.546,0,0.0716,0.0259,3.96E-05,0.299,0.559,169.633,0mt80ksFAwPHXyAlArU5Yc,4.31
392,1988,Electric Blue,Icehouse,7,21,1988,5aWvinQcbc1W1WdP0GQ6J1,0.688,0.909,A#,-4.756,1,0.0354,0.0608,1.97E-06,0.1,0.641,109.673,5aWvinQcbc1W1WdP0GQ6J1,4.39
393,1988,Don't Shed A Tear,Paul Carrack,9,24,1988,1gBjc1SWw7RDcPJvY9NOcO,0.768,0.206,G#,-15.524,1,0.0971,0.843,0.000649,0.138,0.419,123.007,1gBjc1SWw7RDcPJvY9NOcO,0.73
394,1988,Breakout,Swing Out Sister,6,23,1988,2kh0u2d2YKQ7BCqeLPdHk6,0.421,0.938,B,-4.212,0,0.0522,5.18E-05,0.00291,0.124,0.427,156.794,2kh0u2d2YKQ7BCqeLPdHk6,3.35
395,1987,Keep Your Hands To Yourself,The Georgia Satellites,2,20,1987,5tORtBzHUAnNrIw5Ql3kHZ,0.577,0.807,D,-9.281,1,0.0449,0.00233,0.000257,0.0755,0.891,114.921,5tORtBzHUAnNrIw5Ql3kHZ,3.42
396,1987,Right On Track,The Breakfast Club,7,19,1987,3UiuKZWtgXjeAfnfGqIeu0,0.763,0.824,C#,-10.054,0,0.033,0.0613,4.45E-05,0.0226,0.947,116.975,3UiuKZWtgXjeAfnfGqIeu0,4.28
397,1987,Lean On Me,Club Nouveau,1,17,1987,3M8FzayQWtkvOhqMn2V4T2,0.619,0.22,C,-13.843,1,0.0672,0.782,1.19E-05,0.124,0.426,75.143,3M8FzayQWtkvOhqMn2V4T2,4.31
398,1987,Respect Yourself,Bruce Willis,5,14,1987,4lzTyLYXb3ED01TSLCJ1Hz,0.828,0.669,F#,-8.637,0,0.0254,0.16,0.00333,0.0756,0.926,109.964,4lzTyLYXb3ED01TSLCJ1Hz,3.53
399,1987,(You Gotta) Fight For Your Right (To Party!),Beastie Boys,7,18,1987,2QvIOJ4EIz4MIwWRpKG4mi,0.691,0.838,G#,-5.321,1,0.0316,0.0447,0.000215,0.112,0.716,133.507,2QvIOJ4EIz4MIwWRpKG4mi,3.51
400,1987,The Rain,Oran 'Juice' Jones,9,19,1987,2LawezPeJhN4AWuSB0GtAU,0.741,0.697,C,-7.028,1,0.0277,0.0664,2.28E-05,0.133,0.774,116.109,2LawezPeJhN4AWuSB0GtAU,2.67
401,1987,Shake You Down,Gregory Abbott,1,22,1987,1Hb1IJ9bBCa6wo3fRtexnJ,0.457,0.613,A,-5.756,1,0.0295,0.00463,0.000406,0.0711,0.132,105.111,1Hb1IJ9bBCa6wo3fRtexnJ,3.52
402,1987,The Next Time I Fall,Peter Cetera With Amy Grant,1,21,1987,7zSDDsIlks515d0tZGM64x,0.645,0.431,G#,-10.178,1,0.0272,0.438,0.000634,0.0709,0.336,118.223,7zSDDsIlks515d0tZGM64x,3.77
403,1987,Word Up,Cameo,6,21,1987,1pHPpLVH2XEN0xYRoQs4wq,0.577,0.94,F#,-4.439,0,0.0361,2.42E-05,0.0715,0.347,0.818,116.045,1pHPpLVH2XEN0xYRoQs4wq,2.88
404,1987,You Keep Me Hangin' On,Kim Wilde,1,21,1987,4a01ClusxuZiloOK5UgLUn,0.682,0.612,G#,-7.004,0,0.0381,0.284,0,0.0783,0.845,127.647,4a01ClusxuZiloOK5UgLUn,2.72
405,1987,The Lady In Red,Chris de Burgh,3,26,1987,1GeNWyZtCHbcp3ZWp8GTOO,0.548,0.294,A#,-17.112,1,0.0333,0.332,3.34E-06,0.0392,0.491,76.698,1GeNWyZtCHbcp3ZWp8GTOO,4.27
406,1987,Funkytown,Pseudo Echo,6,15,1987,5Q6GRDSFdRwE7H37dQop9u,0.915,0.591,C,-8.865,1,0.0597,0.000468,0.833,0.0938,0.315,122.664,5Q6GRDSFdRwE7H37dQop9u,3.91
407,1987,Funkytown,Pseudo Echo,6,15,1987,5Q6GRDSFdRwE7H37dQop9u,0.915,0.591,C,-8.865,1,0.0597,0.000468,0.833,0.0938,0.315,122.664,5Q6GRDSFdRwE7H37dQop9u,3.91
408,1987,Don't Disturb This Groove,The System,4,21,1987,6DjkLcOUtKhPfizM0YTAyR,0.558,0.958,B,-3.218,0,0.0652,0.12,6.37E-05,0.284,0.595,157.968,6DjkLcOUtKhPfizM0YTAyR,6.01
409,1987,Luka,Suzanne Vega,3,19,1987,6SyxWg5jvCZe5brD3dNL1q,0.739,0.789,C#,-5.772,1,0.233,0.0215,0,0.397,0.597,157.044,6SyxWg5jvCZe5brD3dNL1q,2.27
410,1987,Heart And Soul,T'Pau,4,27,1987,0PFgeiQORt3eqq5OX7BxCc,0.578,0.572,G#,-8.378,1,0.0971,0.767,0,0.111,0.326,151.384,0PFgeiQORt3eqq5OX7BxCc,3.83
411,1987,Touch Of Grey,Grateful Dead,9,15,1987,0mJQlCl9YgxW7kyeltNiVk,0.612,0.696,B,-11.34,1,0.0353,0.0785,9.40E-06,0.14,0.849,159.829,0mJQlCl9YgxW7kyeltNiVk,5.85
412,1987,I Just Can't Stop Loving You,Michael Jackson With Siedah Garrett,1,14,1987,2fytePz8UsbUr8n33QBEcm,0.657,0.467,F,-8.925,1,0.0341,0.667,1.92E-06,0.0295,0.276,100.139,2fytePz8UsbUr8n33QBEcm,4.2
413,1987,Rock Steady,The Whispers,7,23,1987,1YCsTFttuHAzgfEWKdOb9K,0.927,0.832,A#,-7.665,0,0.0604,0.0139,2.60E-06,0.0394,0.958,115.384,1YCsTFttuHAzgfEWKdOb9K,5.13
414,1987,La Bamba,Los Lobos,1,21,1987,2aEeghgUcnu75tzcolFMfs,0.516,0.809,C,-6.419,1,0.0545,0.787,0.000331,0.303,0.939,75.099,2aEeghgUcnu75tzcolFMfs,2.12
415,1987,Casanova,Levert,5,18,1987,6OqdF0vHI9xkqswI7EK0cD,0.597,0.82,F,-2.529,1,0.0582,0.0328,0,0.119,0.576,119.969,6OqdF0vHI9xkqswI7EK0cD,3.95
416,1986,Party All The Time,Eddie Murphy,2,22,1986,6N5DRCQUSXT1qQqmqsO92B,0.699,0.692,B,-13.045,1,0.0456,0.00979,0.000326,0.0427,0.677,135.03,6N5DRCQUSXT1qQqmqsO92B,4.22
417,1986,Tender Love,Force M.D.'s,10,19,1986,6D527hFJzl1vWSzosEbyQk,0.34,0.336,G#,-7.289,1,0.0289,0.769,7.82E-05,0.126,0.0925,142.676,6D527hFJzl1vWSzosEbyQk,3.9
418,1986,Rock Me Amadeus,Falco,1,17,1986,0DfG1ltJnZyq4Tx3ZLL7ZU,0.61,0.817,E,-9.45,0,0.133,0.296,0.00336,0.0884,0.89,176.735,0DfG1ltJnZyq4Tx3ZLL7ZU,3.37
419,1986,Life In A Northern Town,The Dream Academy,7,21,1986,4m3OS54KWywYhP7WD7z1cg,0.563,0.476,E,-13.342,1,0.0329,0.265,0,0.494,0.432,121.67,4m3OS54KWywYhP7WD7z1cg,4.32
420,1986,I Miss You,Klymaxx,5,29,1986,1oTo3ijRbaDAtrjJrGAPSw,0.664,0.781,B,-6.547,1,0.0339,0.00103,5.33E-06,0.0867,0.593,110,1oTo3ijRbaDAtrjJrGAPSw,3.79
421,1986,Take On Me,a-ha,1,27,1986,2WfaOiMkCvy7F5fcp2zZ8L,0.573,0.902,F#,-7.638,0,0.054,0.018,0.00125,0.0928,0.876,84.412,2WfaOiMkCvy7F5fcp2zZ8L,3.75
422,1986,Separate Lives,Phil Collins and Marilyn Martin,1,21,1986,6DEFVerhYVJ6ZkPJiPl5Sm,0.32,0.308,E,-9.118,1,0.0318,0.237,0,0.319,0.193,93.173,6DEFVerhYVJ6ZkPJiPl5Sm,4.15
423,1986,Election Day,Arcadia,6,16,1986,4u2TjVvixbPrcMZntDIQE6,0.601,0.174,G#,-17.695,0,0.0399,0.974,0.736,0.111,0.454,103.814,4u2TjVvixbPrcMZntDIQE6,2.4
424,1986,Miami Vice Theme,Jan Hammer,1,22,1986,1biP5gM7Le8S3E7GJEKgXC,0.571,0.924,G,-9.887,1,0.0385,0.547,0.896,0.432,0.854,115.431,1biP5gM7Le8S3E7GJEKgXC,2.46
425,1986,Your Love,The Outfield,6,22,1986,2e3Ea0o24lReQFR4FA7yXH,0.677,0.638,G#,-8.631,1,0.333,0.589,0,0.193,0.435,82.81,2e3Ea0o24lReQFR4FA7yXH,3.52
426,1986,Let's Go All The Way,Sly Fox,7,25,1986,6eLDMmVI7HF7W56cOrJj00,0.633,0.714,F,-13.574,1,0.0325,0.193,0.000307,0.296,0.865,98.149,6eLDMmVI7HF7W56cOrJj00,3.99
427,1986,If You Leave,Orchestral Manoeuvres In The Dark,4,20,1986,0KMGxYKeUzK9wc5DZCt3HT,0.434,0.563,B,-6.784,1,0.0268,0.0197,0.000824,0.128,0.275,104.183,0KMGxYKeUzK9wc5DZCt3HT,3.92
428,1986,Something About You,Level 42,7,27,1986,6RiiSy9GzSwiyDEJDiMuKe,0.648,0.781,A,-8.736,0,0.0271,0.0332,0.013,0.305,0.822,133.417,6RiiSy9GzSwiyDEJDiMuKe,2.56
429,1986,Tuff Enuff,The Fabulous Thunderbirds,10,19,1986,5A6NxpltFMv6jCsuA1qRHQ,0.58,0.663,F#,-11.48,0,0.0385,0.0735,0.00211,0.645,0.718,116.305,5A6NxpltFMv6jCsuA1qRHQ,3.37
430,1986,We Don't Have To Take Our Clothes Off,Jermaine Stewart,5,22,1986,48wSJ6NhMFYYB6LjdnPNjM,0.572,0.231,C,-6.316,0,0.0334,0.953,3.88E-06,0.111,0.332,96.729,48wSJ6NhMFYYB6LjdnPNjM,3.85
431,1986,Rumors,Timex Social Club,8,19,1986,0P2P1AxcRYhiZvoF5MyRmM,0.688,0.842,D,-4.211,1,0.264,0.0499,0,0.241,0.416,159.897,0P2P1AxcRYhiZvoF5MyRmM,3.1
432,1986,Baby Love,Regina,10,20,1986,46pF1zFimM582ss1PrMy68,0.325,0.759,G#,-7.146,1,0.053,0.395,0.000362,0.0773,0.36,126.627,46pF1zFimM582ss1PrMy68,2.77
433,1986,Dreamtime,Daryl Hall,5,15,1986,75aq1o4kjHR4OE9FVvnKji,0.443,0.00333,B,-37.155,0,0.0468,0.988,0.91,0.209,0.327,139.707,75aq1o4kjHR4OE9FVvnKji,1.99
434,1986,Walk This Way,Run-D.M.C.,4,16,1986,4JfuiOWlWCkjP6OKurHjSn,0.653,0.73,F,-10.613,1,0.0429,0.0115,1.02E-05,0.0776,0.894,108.709,4JfuiOWlWCkjP6OKurHjSn,3.67
435,1986,Heartbeat,Don Johnson,5,15,1986,0zo4aX57COch7Wh3NRImTM,0.8,0.545,C#,-7.002,0,0.127,0.00369,0.000461,0.0445,0.294,119.954,0zo4aX57COch7Wh3NRImTM,4.5
436,1986,Two Of Hearts,Stacey Q,3,22,1986,2dURQIBrw3XcHyVZlfdpC1,0.824,0.506,F,-7.12,0,0.0291,0.124,0,0.113,0.654,130.717,2dURQIBrw3XcHyVZlfdpC1,3.99
437,1986,I Can't Wait,Nu Shooz,3,23,1986,0qxtQ8rf3W1nId3D2r0xH4,0.689,0.533,F#,-14.205,1,0.0544,0.321,7.37E-05,0.0958,0.898,98.801,0qxtQ8rf3W1nId3D2r0xH4,2.85
438,1985,In My House,Mary Jane Girls,7,22,1985,2xQtvPCGfZWXccWCp9LYK4,0.714,0.61,G,-6.27,1,0.0307,0.0461,0,0.162,0.421,128.03,2xQtvPCGfZWXccWCp9LYK4,3.51
439,1985,Relax,Frankie Goes To Hollywood,10,23,1985,1gwLjpvAbu6IVmVdAfPJ0G,0.165,0.266,G#,-38.151,1,0.135,0.815,0.901,0.0992,0.0267,76.211,1gwLjpvAbu6IVmVdAfPJ0G,2.99
440,1985,I Feel For You,Chaka Khan,3,26,1985,5yR9u8QiOt8hJaddv32oo7,0.698,0.912,B,-8.993,1,0.0675,0.0145,0.0225,0.279,0.797,124.917,5yR9u8QiOt8hJaddv32oo7,5.72
441,1985,St. Elmo's Fire (Man In Motion),John Parr,1,22,1985,1A2PWRltFrX8iB8IP3CUgo,0.612,0.6,A,-10.945,1,0.0327,0.15,3.04E-06,0.222,0.471,111.203,1A2PWRltFrX8iB8IP3CUgo,4.2
442,1985,The Old Man Down The Road,John Fogerty,10,18,1985,2Qh1VTOuNG3K9ORtkfYg02,0.768,0.81,A,-5.816,1,0.0289,0.0274,0.000611,0.0584,0.737,133.836,2Qh1VTOuNG3K9ORtkfYg02,3.57
443,1985,Easy Lover,Philip Bailey With Phil Collins,2,23,1985,5LYJ631w9ps5h9tdvac7yP,0.74,0.923,C#,-5.082,1,0.0369,0.105,0.000163,0.0825,0.93,128.871,5LYJ631w9ps5h9tdvac7yP,5.1
444,1985,Desert Moon,Dennis DeYoung,10,22,1985,0eLVt8CGVdNnyMcfP38kDi,0.56,0.282,C,-13.241,1,0.0287,0.868,0.529,0.11,0.158,112.009,0eLVt8CGVdNnyMcfP38kDi,3.74
445,1985,Lover Girl,Teena Marie,4,24,1985,6dBUzqjtbnIa1TwYbyw5CM,0.559,0.871,F,-5.338,0,0.0397,7.53E-06,0.00545,0.096,0.572,104.97,6dBUzqjtbnIa1TwYbyw5CM,3.57
446,1985,One Night In Bangkok,Murray Head,3,20,1985,6erBowZaW6Ur3vNOWhS2zM,0.892,0.578,A#,-5.025,1,0.15,0.112,0.000315,0.0897,0.621,108.703,6erBowZaW6Ur3vNOWhS2zM,3.93
447,1985,We Are The World,USA For Africa,1,18,1985,7ccI9cStQbQdystvc6TvxD,0.268,0.459,G,-6.948,0,0.0346,0.378,0,0.119,0.172,64.223,7ccI9cStQbQdystvc6TvxD,2.99
448,1985,Axel F,Harold Faltermeyer,3,19,1985,0Bo5fjMtTfCD8vHGebivqc,0.86,0.907,D,-3.321,1,0.0407,0.279,0.693,0.0648,0.786,138.045,0Bo5fjMtTfCD8vHGebivqc,2.81
449,1985,Sea Of Love,The Honeydrippers,3,20,1985,33kKcOJoyNduHwXhEnga8X,0.585,0.0859,F#,-11.478,0,0.0484,0.94,0,0.16,0.12,78.54,33kKcOJoyNduHwXhEnga8X,2.32
450,1985,All I Need,Jack Wagner,2,22,1985,5Qv2Nby1xTr9pQyjkrc94J,0.67,0.478,E,-8.689,0,0.0355,0.531,0.428,0.138,0.0997,88.014,5Qv2Nby1xTr9pQyjkrc94J,3.81
451,1985,Walking On Sunshine,Katrina And The Waves,9,21,1985,05wIrZSwuaVWhcv5FfqeH0,0.596,0.869,A#,-11.97,1,0.037,0.0116,0.173,0.0678,0.944,109.902,05wIrZSwuaVWhcv5FfqeH0,3.98
452,1985,Voices Carry,'Til Tuesday,8,21,1985,0ZYf6N5eBeXStMri0mf3DZ,0.583,0.574,C,-9.044,1,0.0239,0.0282,2.14E-06,0.114,0.578,104.995,0ZYf6N5eBeXStMri0mf3DZ,4.39
453,1984,To All The Girls I've Loved Before,Julio Iglesias And Willie Nelson,5,21,1984,0uBwcaTkY1BPpIZhxuhS67,0.551,0.572,F#,-7.244,1,0.0328,0.521,1.86E-05,0.0859,0.337,82.22,0uBwcaTkY1BPpIZhxuhS67,3.54
454,1984,Crumblin' Down,John Cougar Mellencamp,9,16,1984,4uqmzWlYa0eLKmbcHNgLej,0.782,0.905,G,-3.56,1,0.0789,0.0165,1.37E-06,0.0797,0.667,126.748,4uqmzWlYa0eLKmbcHNgLej,3.57
455,1984,Cum On Feel The Noize,Quiet Riot,5,21,1984,3vV3cr2TpPqFk07zxYUbla,0.409,0.92,B,-5.439,0,0.12,0.00719,0.00105,0.0823,0.37,145.085,3vV3cr2TpPqFk07zxYUbla,4.85
456,1984,Islands In The Stream,Kenny Rogers Duet With Dolly Parton,1,25,1984,4mnOVRRXsaqg9Nb041xR8u,0.592,0.473,G#,-9.834,1,0.0354,0.681,0,0.0732,0.741,203.989,4mnOVRRXsaqg9Nb041xR8u,4.16
457,1984,Say Say Say,Paul McCartney And Michael Jackson,1,22,1984,4NioO5R9sHEZh4cGzMHyNt,0.626,0.547,E,-8.285,1,0.0342,0.0656,1.67E-05,0.149,0.192,109.946,4NioO5R9sHEZh4cGzMHyNt,4.66
458,1984,Break My Stride,Matthew Wilder,5,29,1984,1mCsF9Tw4AkIZOjvZbZZdT,0.917,0.588,A#,-11.047,1,0.0607,0.195,0,0.0914,0.828,110.077,1mCsF9Tw4AkIZOjvZbZZdT,3.07
459,1984,Talking In Your Sleep,The Romantics,3,26,1984,7fRvtXvJMpGfTLdF0M09a1,0.72,0.967,A,-4.434,0,0.0343,0.0289,0.000345,0.142,0.977,129.766,7fRvtXvJMpGfTLdF0M09a1,3.92
460,1984,Owner Of A Lonely Heart,Yes,1,23,1984,0GTK6TesV108Jj5D3MHsYb,0.744,0.798,G,-5.981,1,0.0364,0.175,0.00367,0.26,0.89,125.061,0GTK6TesV108Jj5D3MHsYb,4.48
461,1984,Let The Music Play,Shannon,8,24,1984,6b9hm8mvZ2KH7Fl7LLA5ct,0.709,0.687,A#,-10.462,0,0.0519,0.000893,0.000151,0.092,0.765,114.717,6b9hm8mvZ2KH7Fl7LLA5ct,3.57
462,1984,They Don't Know,Tracey Ullman,8,17,1984,0b5w1gamS9f239Sms9guAB,0.699,0.388,F#,-10.722,1,0.0531,0.588,1.98E-06,0.0658,0.566,125.858,0b5w1gamS9f239Sms9guAB,4.58
463,1984,Got A Hold On Me,Christine McVie,10,16,1984,6EAlFsajDK1PVgfhdJbS5Y,0.471,0.585,C#,-6.105,1,0.0822,0.786,0,0.811,0.655,150.719,6EAlFsajDK1PVgfhdJbS5Y,2.83
464,1984,Somebody's Watching Me,Rockwell,2,19,1984,2QN9zL3SzXdGqqmXO68gFp,0.788,0.576,C#,-6.996,0,0.0327,0.0372,0.000211,0.0634,0.889,124.115,2QN9zL3SzXdGqqmXO68gFp,3.98
465,1984,The Glamorous Life,Sheila E.,7,26,1984,179SfVFJ0ZN41toTxnpgRD,0.759,0.675,D#,-14.366,0,0.0422,0.0261,0.0341,0.431,0.866,127.522,179SfVFJ0ZN41toTxnpgRD,9.06
466,1984,Missing You,John Waite,1,24,1984,1Qrdlkgg9I4J7r3P4kZNwr,0.552,0.552,B,-9.736,0,0.0364,0.052,0,0.046,0.593,208.571,1Qrdlkgg9I4J7r3P4kZNwr,4.5
467,1984,If Ever You're In My Arms Again,Peabo Bryson,10,25,1984,4TIkesxpN5caX6XpsiirnH,0.599,0.442,D#,-9.755,0,0.0239,0.667,0,0.143,0.415,96.213,4TIkesxpN5caX6XpsiirnH,4.26
468,1984,I Can Dream About You,Dan Hartman,6,25,1984,37nxLdGbmgEYQYrqe14xOp,0.743,0.5,A,-14.105,1,0.0513,0.0515,0,0.0373,0.903,112.989,37nxLdGbmgEYQYrqe14xOp,4.16
469,1984,Breakin'...there's No Stopping Us,Ollie And Jerry,9,18,1984,2BtIXTKrTGQJeFcIukMR9E,0.742,0.801,C#,-10.373,1,0.0531,0.0168,0.00482,0.0494,0.853,116.6,2BtIXTKrTGQJeFcIukMR9E,4.61
470,1984,Almost Paradise...Love Theme From Footloose,Mike Reno And Ann Wilson,7,20,1984,3HI7oXJcgIXOhhPBvONWFo,0.598,0.333,G#,-11.055,1,0.0313,0.553,3.33E-06,0.0773,0.0763,129.048,3HI7oXJcgIXOhhPBvONWFo,3.81
471,1984,"Oh, Sherrie",Steve Perry,3,20,1984,4zEi4tr3lEhiAvTRxEzbEz,0.333,0.695,F,-5.116,1,0.0465,0.372,7.13E-06,0.107,0.317,203.753,4zEi4tr3lEhiAvTRxEzbEz,3.82
472,1984,99 Luftballons,Nena,2,23,1984,2IJftBfq7pJ43tfnOR0RB3,0.636,0.467,E,-10.1,1,0.0421,0.0915,1.70E-06,0.117,0.58,96.639,2IJftBfq7pJ43tfnOR0RB3,3.86
473,1983,Mickey,Toni Basil,1,27,1983,3RKjTYlQrtLXCq5ncswBPp,0.912,0.507,D,-11.952,1,0.0587,0.579,0,0.167,0.725,134.978,3RKjTYlQrtLXCq5ncswBPp,1.93
474,1983,We've Got Tonight,Kenny Rogers And Sheena Easton,6,18,1983,3kOYftnm2pC6T5sAGqocMm,0.711,0.391,A#,-9.292,1,0.0343,0.501,3.77E-06,0.1,0.639,99.13,3kOYftnm2pC6T5sAGqocMm,2.67
475,1983,Always Something There To Remind Me,Naked Eyes,8,22,1983,3yWAyRHfclztY1TzF2gAUD,0.611,0.777,G,-5.853,1,0.0376,0.127,0,0.519,0.682,149.26,3yWAyRHfclztY1TzF2gAUD,3.66
476,1983,Up Where We Belong,Joe Cocker And Jennifer Warnes,1,23,1983,4U6mBgGP8FXN6UH4T3AJhu,0.624,0.306,D,-11.831,1,0.0318,0.634,2.67E-05,0.0632,0.227,139.912,4U6mBgGP8FXN6UH4T3AJhu,3.88
477,1983,Steppin' Out,Joe Jackson,6,27,1983,2KY0QUeRY3IPuJI1gyU9BJ,0.579,0.223,B,-20.208,1,0.0364,0.0439,0.00232,0.0613,0.532,159.696,2KY0QUeRY3IPuJI1gyU9BJ,4.47
478,1983,The Girl Is Mine,Michael Jackson And Paul McCartney,2,18,1983,4IT6vDuKprKl6jyVndlY8V,0.681,0.527,A,-10.422,1,0.0561,0.225,0,0.0989,0.707,81.425,4IT6vDuKprKl6jyVndlY8V,3.71
479,1983,Rock The Casbah,The Clash,8,24,1983,56KqaFSGTb7ifpt16t5Y1N,0.797,0.872,A,-6.727,0,0.0575,0.291,0,0.284,0.866,129.885,56KqaFSGTb7ifpt16t5Y1N,3.71
480,1983,Pass The Dutchie,Musical Youth,10,18,1983,1BkY0N8ChFk2mdLbAUu8ZK,0.805,0.418,G,-14.374,1,0.0979,0.459,0,0.288,0.966,149.724,1BkY0N8ChFk2mdLbAUu8ZK,3.42
481,1983,You And I,Eddie Rabbitt With Crystal Gayle,7,29,1983,5aDoUmxBsbdpS16alksb5Z,0.566,0.246,A#,-15.499,1,0.0276,0.813,1.48E-06,0.195,0.412,101.529,5aDoUmxBsbdpS16alksb5Z,2.76
482,1983,"Baby, Come To Me",Patti Austin A Duet With James Ingram,1,32,1983,65bvH7egzl7h9f7uJmqGV4,0.631,0.505,G,-12.083,0,0.0903,0.553,0,0.137,0.687,90.204,65bvH7egzl7h9f7uJmqGV4,3.59
483,1983,Twilight Zone,Golden Earring,10,27,1983,3ztKHejzVoxJRKSZHFFMdJ,0.656,0.756,B,-6.516,0,0.0399,0.00785,3.49E-05,0.0927,0.542,118.56,3ztKHejzVoxJRKSZHFFMdJ,7.97
484,1983,One Thing Leads To Another,The Fixx,4,19,1983,2d1NMaw8arIU2Fy4BnWqLs,0.785,0.95,F,-6.715,0,0.0484,0.177,0.00927,0.148,0.968,136.823,2d1NMaw8arIU2Fy4BnWqLs,3.42
485,1983,Come On Eileen,Dexys Midnight Runners,1,23,1983,3MrWxJaD2AT0W9DjWF64Vm,0.45,0.656,D,-7.049,1,0.0472,0.664,3.02E-06,0.259,0.782,106.61,3MrWxJaD2AT0W9DjWF64Vm,4.79
486,1983,Jeopardy,Greg Kihn Band,2,22,1983,1LJr4mVQgg0Y6qZlJh80ST,0.854,0.804,C,-4.738,1,0.0349,0.072,0.0443,0.156,0.895,110.558,1LJr4mVQgg0Y6qZlJh80ST,3.83
487,1983,She Blinded Me With Science,Thomas Dolby,5,22,1983,4RkKf3UBRxF2kn2Vh0ww8l,0.799,0.755,A,-11.538,1,0.0419,0.108,0.169,0.0661,0.975,128.695,4RkKf3UBRxF2kn2Vh0ww8l,3.69
488,1983,She's A Beauty,The Tubes,10,20,1983,7HF88mJXq8DpotZohoW2mo,0.689,0.789,D,-8.565,1,0.0359,0.0684,0.000516,0.297,0.631,110.739,7HF88mJXq8DpotZohoW2mo,4.01
489,1983,Too Shy,Kajagoogoo,5,19,1983,1C5utO1I8FoSIn6g1R5DAZ,0.64,0.628,D,-6.091,1,0.0324,0.0157,0.0382,0.0916,0.235,125.648,1C5utO1I8FoSIn6g1R5DAZ,5.32
490,1983,Our House,Madness,7,19,1983,2hitsKa8SthKhRJBXUHbIv,0.592,0.205,A,-14.601,1,0.048,0.896,5.46E-05,0.119,0.378,140.282,2hitsKa8SthKhRJBXUHbIv,3
491,1983,Electric Avenue,Eddy Grant,2,22,1983,3N2nIBN3a9J40PIij4gW5F,0.934,0.419,D,-13.264,1,0.17,0.333,1.74E-05,0.12,0.878,120.973,3N2nIBN3a9J40PIij4gW5F,3.23
492,1983,Never Gonna Let You Go,Sergio Mendes,4,23,1983,5u8bqfaYSh0qVTsgslPknf,0.639,0.403,G,-12.401,1,0.0349,0.567,0,0.67,0.324,132.56,5u8bqfaYSh0qVTsgslPknf,4.26
493,1983,Maniac,Michael Sembello,1,22,1983,6KfoDhO4XUWSbnyKjNp9c4,0.628,0.639,G#,-5.46,1,0.0435,0.00162,0,0.354,0.493,108.045,6KfoDhO4XUWSbnyKjNp9c4,3.1
494,1983,Puttin' On The Ritz,Taco,4,21,1983,1taGkdO3DQsNRIQrarhVvc,0.798,0.292,C,-17.112,1,0.0777,0.152,0.00101,0.185,0.812,98.653,1taGkdO3DQsNRIQrarhVvc,4.69
495,1983,Far From Over,Frank Stallone,10,16,1983,1QltoINuNDl3wy1oWANlqJ,0.845,0.438,B,-10.897,0,0.494,0.094,0,0.0854,0.695,130.006,1QltoINuNDl3wy1oWANlqJ,3.07
496,1983,The Safety Dance,Men Without Hats,3,24,1983,4t5lrf5rFX6JWAUPKCDlKk,0.632,0.582,F,-13.461,1,0.044,0.0803,0.00351,0.0832,0.578,101.641,4t5lrf5rFX6JWAUPKCDlKk,2.76
497,1983,TRUE,Spandau Ballet,4,18,1983,4o6BgsqLIBViaGVbx5rbRk,0.751,0.501,F,-12.151,1,0.0551,0.234,0.112,0.0467,0.902,167.057,4o6BgsqLIBViaGVbx5rbRk,3.18
498,1983,Burning Down The House,Talking Heads,9,20,1983,2VNfJpwdEQBLyXajaa6LWT,0.779,0.87,F,-13.141,0,0.0574,0.00644,0.0107,0.0399,0.555,102.689,2VNfJpwdEQBLyXajaa6LWT,4.03
499,1982,Hooked On Classics,Royal Philharmonic Orchestra,10,20,1982,6Vbu34sJOY889Z0KLk0DTV,0.437,0.728,A#,-11.33,0,0.0317,0.0205,0.904,0.13,0.486,102.589,6Vbu34sJOY889Z0KLk0DTV,3.53
500,1982,Chariots Of Fire - Titles,Vangelis,1,28,1982,40GkYO2g4a3sjipt8VtRkb,0.503,0.465,C#,-7.762,1,0.032,0.0513,0.695,0.0941,0.04,135.883,40GkYO2g4a3sjipt8VtRkb,3.35
501,1982,Key Largo,Bertie Higgins,8,29,1982,41v56RunWqxgqTD4H2cwOD,0.503,0.659,C,-6.829,1,0.0356,0.443,0,0.153,0.33,101.668,41v56RunWqxgqTD4H2cwOD,3.32
502,1982,Harden My Heart,Quarterflash,3,24,1982,3CSLUIrI2KPMulHR5bh17O,0.531,0.43,B,-14.523,0,0.0578,0.0568,1.22E-06,0.0964,0.453,124.284,3CSLUIrI2KPMulHR5bh17O,3.88
503,1982,Let It Whip,Dazz Band,5,23,1982,3h5IJ0EzVpkiaoL174GC3M,0.826,0.9,A,-4.383,0,0.0411,0.112,0.00136,0.0875,0.954,132.099,3h5IJ0EzVpkiaoL174GC3M,4.78
504,1982,Leather And Lace,Stevie Nicks With Don Henley,6,19,1982,2npStoMbQxG1LcIeF4PZrj,0.553,0.398,D#,-11.67,1,0.0303,0.664,0,0.114,0.392,76.074,2npStoMbQxG1LcIeF4PZrj,3.82
505,1982,Trouble,Lindsey Buckingham,9,19,1982,6AtZLIzUINvExIUy4QhdjP,0.584,0.557,F#,-6.371,1,0.0342,0.0129,0,0.0576,0.767,154.008,6AtZLIzUINvExIUy4QhdjP,3.66
506,1982,The Theme From Hill Street Blues,Mike Post featuring Larry Carlton,10,22,1982,51p3jvvaTRllGIxdmRVnRr,0.657,0.267,D#,-15.333,1,0.0288,0.592,0.907,0.077,0.204,97.714,51p3jvvaTRllGIxdmRVnRr,3.23
507,1982,I've Never Been To Me,Charlene,3,23,1982,7Kpv6QtVDSNBJYTgwUTOAu,0.634,0.448,A#,-8.468,1,0.0304,0.798,1.39E-06,0.226,0.367,121.933,7Kpv6QtVDSNBJYTgwUTOAu,4.3
508,1982,Eye In The Sky,The Alan Parsons Project,3,25,1982,39qYD4J4BKvZMQgxfXl5bv,0.823,0.417,D,-12.643,1,0.032,0.562,0.00098,0.0765,0.522,111.928,39qYD4J4BKvZMQgxfXl5bv,4.6
509,1982,Always On My Mind,Willie Nelson,5,23,1982,2xYQTU2bbg6WVAmpY1eae4,0.524,0.261,D,-13.868,1,0.0272,0.755,0.00105,0.144,0.201,73.36,2xYQTU2bbg6WVAmpY1eae4,3.54
510,1982,Ebony And Ivory,Paul McCartney And Stevie Wonder,1,19,1982,3fVSMbeq8tY3G85yxcJwRU,0.567,0.692,E,-7.881,1,0.0379,0.0784,0,0.0338,0.708,160.697,3fVSMbeq8tY3G85yxcJwRU,3.77
511,1982,Caught Up In You,38 Special,10,17,1982,3jYRpwbctfqB77uU7T7K3U,0.425,0.681,C#,-8.604,0,0.0316,0.0229,0.000219,0.0543,0.933,131.011,3jYRpwbctfqB77uU7T7K3U,4.66
512,1982,I Ran (So Far Away),A Flock Of Seagulls,9,22,1982,0nIDF0qdk5iAIla7rZxxys,0.51,0.771,D,-6.666,1,0.0341,0.000205,0.831,0.135,0.644,145.522,0nIDF0qdk5iAIla7rZxxys,3.7
513,1982,867-5309/jenny,Tommy Tutone,4,27,1982,6iX1f3r7oUJnMbGgQ2gx1j,0.584,0.708,F,-10.039,1,0.0593,0.0264,0.00364,0.112,0.564,137.657,6iX1f3r7oUJnMbGgQ2gx1j,3.77
514,1981,Stop Draggin' My Heart Around,Stevie Nicks With Tom Petty And The Heartbreakers,3,21,1981,66LhCsc06aTa2Ig7iYPDSP,0.631,0.597,E,-7.382,0,0.026,0.379,0.00273,0.146,0.665,107.26,66LhCsc06aTa2Ig7iYPDSP,4.07
515,1981,Boy From New York City,The Manhattan Transfer,7,21,1981,4H6EV7soFKhurMK2CFfpmM,0.71,0.633,D,-9.376,1,0.0531,0.457,1.49E-05,0.0967,0.702,151.522,4H6EV7soFKhurMK2CFfpmM,3.7
516,1981,Giving It Up For Your Love,Delbert McClinton,8,19,1981,5E2EpolcGmcbYpsv0z6jAZ,0.76,0.765,C,-9.319,1,0.0352,0.289,7.95E-06,0.233,0.868,107.602,5E2EpolcGmcbYpsv0z6jAZ,3.78
517,1981,Just The Two Of Us,"Grover Washington, Jr. With Bill Withers",2,24,1981,1ko2lVN0vKGUl9zrU0qSlT,0.749,0.497,A#,-12.609,0,0.105,0.41,0.0499,0.0504,0.585,95.818,1ko2lVN0vKGUl9zrU0qSlT,7.31
518,1981,Medley,Stars On 45,1,21,1981,2FbGlEPAjNhWvrVvlentVq,0.441,0.403,D,-11.18,0,0.147,0.255,1.27E-05,0.13,0.158,139.92,2FbGlEPAjNhWvrVvlentVq,7.25
519,1981,Elvira,The Oak Ridge Boys,5,22,1981,0mG66FLhO0iZ6XCAGdjpax,0.825,0.285,G#,-17.491,1,0.0326,0.188,0.00131,0.0539,0.86,126.946,0mG66FLhO0iZ6XCAGdjpax,3.76
520,1981,Hearts,Marty Balin,8,21,1981,0qOnSQQF0yzuPWsXrQ9paz,0.646,0.795,A,-3.293,1,0.0976,0.0319,0,0.267,0.796,89.99,0qOnSQQF0yzuPWsXrQ9paz,3.52
521,1981,Never Knew Love Like This Before,Stephanie Mills,6,25,1981,2sSQIWjGbrCqVQmTNyivVg,0.695,0.703,B,-8.938,1,0.0336,0.489,1.70E-05,0.0855,0.753,113.168,2sSQIWjGbrCqVQmTNyivVg,5.44
522,1981,"Theme From ""Greatest American Hero"" (Believe It or Not)",Joey Scarbury,2,26,1981,375ntCG12wzCyfzclwYFwG,0.521,0.743,D,-5.903,1,0.0338,0.249,0,0.096,0.451,117.129,375ntCG12wzCyfzclwYFwG,3.25
523,1981,(There's) No Gettin' Over Me,Ronnie Milsap,5,20,1981,2bRnP6FjtlASGsDtcgRVuI,0.595,0.447,C#,-10.342,0,0.0323,0.627,0.000586,0.3,0.787,200.528,2bRnP6FjtlASGsDtcgRVuI,3.33
524,1980,The Second Time Around,Shalamar,8,23,1980,6yh8yf1jpPrTMA5cezYpbi,0.801,0.388,C#,-12.135,1,0.0505,0.0123,7.16E-05,0.0924,0.577,112.367,6yh8yf1jpPrTMA5cezYpbi,3.72
525,1980,You're Only Lonely,J.D. Souther,7,21,1980,1bwBJsXuetTLgDM6JeqAqt,0.652,0.442,A,-5.871,1,0.0248,0.617,6.24E-05,0.118,0.571,108.97,1bwBJsXuetTLgDM6JeqAqt,3.91
526,1980,"Yes, I'm Ready",Teri DeSario With K.C.,2,23,1980,2gZpW5pTZkimGG98loFSl2,0.237,0.377,F,-8.798,1,0.0287,0.902,0,0.131,0.479,173.142,2gZpW5pTZkimGG98loFSl2,3.07
527,1980,Don't Do Me Like That,Tom Petty And The Heartbreakers,10,18,1980,54LdGThXITyei8BCNql2xU,0.691,0.184,E,-12.092,1,0.209,0.782,0.71,0.121,0.461,152.045,54LdGThXITyei8BCNql2xU,1.57
528,1980,Take Your Time (Do It Right) Part 1,The S.O.S. Band,3,21,1980,0yfbXbhcpnJTuV90xHvWUR,0.784,0.463,E,-8.163,0,0.0282,0.0287,0,0.126,0.479,95.989,0yfbXbhcpnJTuV90xHvWUR,2.68
529,1980,Pop Muzik,M,1,24,1980,25G8NNFBnjXgWCGtyPa1Ax,0.912,0.673,D,-8.91,1,0.109,0.0995,0,0.103,0.123,120.157,25G8NNFBnjXgWCGtyPa1Ax,3.8
530,1980,Cars,Gary Numan,9,25,1980,5hnyJvgoWiQUYZttV4wXy6,0.56,0.595,A,-4.53,1,0.0274,0.199,6.47E-05,0.132,0.144,104.011,5hnyJvgoWiQUYZttV4wXy6,4.47
531,1980,One In A Million You,Larry Graham,9,20,1980,01lRmzzWqG5hfcNoxjqFdj,0.454,0.931,B,-4.083,1,0.0321,0.238,0.000623,0.289,0.462,137.945,01lRmzzWqG5hfcNoxjqFdj,2.68
532,1980,Another Brick In The Wall (Part II),Pink Floyd,1,25,1980,33NHOyVja2kmc5VE85aX6v,0.372,0.0573,C,-22.53,1,0.0413,0.993,0.905,0.0683,0.117,92.705,33NHOyVja2kmc5VE85aX6v,5.42
533,1980,Funkytown,"Lipps, Inc.",1,23,1980,5Q6GRDSFdRwE7H37dQop9u,0.915,0.591,C,-8.865,1,0.0597,0.000468,0.833,0.0938,0.315,122.664,5Q6GRDSFdRwE7H37dQop9u,3.91
534,1980,Don't Fall In Love With A Dreamer,Kenny Rogers With Kim Carnes,4,19,1980,6chCvLtuB1UqSBlZTPsUPo,0.411,0.405,F#,-9.697,0,0.0256,0.653,0,0.147,0.241,75.585,6chCvLtuB1UqSBlZTPsUPo,3.94
535,1980,Let Me Love You Tonight,Pure Prairie League,10,17,1980,6vOMU2u38Z9Wru3CqPxcKs,0.461,0.454,A#,-12.352,1,0.0488,0.404,0,0.0657,0.703,104.556,6vOMU2u38Z9Wru3CqPxcKs,2.79
536,1980,Steal Away,Robbie Dupree,6,23,1980,7v5rsCN3LhX9XaIlWyTdx3,0.72,0.569,D,-11.466,1,0.0418,0.142,0.000188,0.0629,0.713,122.403,7v5rsCN3LhX9XaIlWyTdx3,3.57
537,1980,Lookin' For Love,Johnny Lee,5,21,1980,0eNfURq0r0oNSwFyw1VuVT,0.522,0.957,D,-4.924,1,0.0687,0.0515,0.0014,0.144,0.917,170.91,0eNfURq0r0oNSwFyw1VuVT,2.98
538,1980,Xanadu,Olivia Newton-John And The Electric Light Orchestra,8,17,1980,4zdspHPxpExPiU8RolxBUH,0.652,0.654,F#,-7.679,1,0.0275,0.186,0,0.162,0.708,127.555,4zdspHPxpExPiU8RolxBUH,3.48
539,1980,Funkytown,"Lipps, Inc.",1,23,1980,5Q6GRDSFdRwE7H37dQop9u,0.915,0.591,C,-8.865,1,0.0597,0.000468,0.833,0.0938,0.315,122.664,5Q6GRDSFdRwE7H37dQop9u,3.91
540,1980,Tired Of Toein' The Line,Rocky Burnette,8,19,1980,6Xra5OzOYRidIs5Oplm1g0,0.677,0.673,G,-13.673,1,0.0334,0.399,6.13E-06,0.354,0.855,121.245,6Xra5OzOYRidIs5Oplm1g0,3.69
541,1980,Let My Love Open The Door,Pete Townshend,9,19,1980,0otlwsD3mSogk7VJCTp6Kg,0.651,0.653,C,-9.731,1,0.0545,0.365,0.000117,0.0742,0.729,164.912,0otlwsD3mSogk7VJCTp6Kg,2.74
